Date,Propotionearly,Earlyesc,Lateesc,Earlycatch,Latecatch,Earlytotal,Latetotal,
5/30/06,1.00,30,0,0,0,30,0,
5/31/06,1.00,71,0,0,0,71,0,
6/1/06,1.00,548,0,0,0,548,0,
6/2/06,1.00,619,0,0,0,619,0,
6/3/06,1.00,413,0,0,0,413,0,
6/4/06,1.00,359,0,0,0,359,0,
6/5/06,1.00,608,1,0,0,608,1,
6/6/06,1.00,899,1,0,0,899,1,
6/7/06,1.00,922,1,0,0,922,1,
6/8/06,1.00,192,0,498,1,690,1,
6/9/06,1.00,11920,22,0,0,11920,22,
6/10/06,1.00,4908,11,571,1,5479,12,
6/11/06,1.00,3758,10,0,0,3758,10,
6/12/06,1.00,9354,30,1396,4,10750,34,
6/13/06,1.00,16533,63,1897,7,18430,70,
6/14/06,1.00,21741,99,16381,75,38122,174,
6/15/06,0.99,13224,72,33415,182,46639,254,
6/16/06,0.99,10275,67,22590,148,32865,215,
6/17/06,0.99,8823,69,26031,204,34854,273,
6/18/06,0.99,5255,49,3804,36,9059,85,
6/19/06,0.99,16548,186,2779,31,19326,218,
6/20/06,0.99,25095,339,0,0,25095,339,
6/21/06,0.98,21480,348,11255,182,32735,530,
6/22/06,0.98,31070,603,11389,221,42459,824,
6/23/06,0.98,34974,813,0,0,34974,813,
6/24/06,0.97,40784,1137,0,0,40784,1137,
6/25/06,0.97,26286,878,49279,1647,75565,2525,
6/26/06,0.96,7691,308,30033,1203,37724,1511,
6/27/06,0.95,4832,232,31500,1513,36332,1745,
6/28/06,0.95,5487,316,23290,1340,28777,1656,
6/29/06,0.94,2475,171,38604,2663,41079,2834,
6/30/06,0.92,3821,316,35650,2948,39471,3264,
7/1/06,0.91,11097,1100,15897,1576,26994,2676,
7/2/06,0.89,9609,1142,21001,2495,30610,3637,
7/3/06,0.88,3147,448,18045,2570,21192,3018,
7/4/06,0.85,2406,411,15914,2717,18320,3128,
7/5/06,0.83,1346,276,15575,3188,16922,3463,
7/6/06,0.80,2961,726,14941,3665,17902,4391,
7/7/06,0.77,4495,1322,5113,1503,9608,2825,
7/8/06,0.74,11126,3921,7308,2576,18434,6497,
7/9/06,0.70,4657,1968,13606,5749,18264,7716,
7/10/06,0.66,1721,871,4317,2187,6038,3058,
7/11/06,0.62,7444,4519,6414,3893,13858,8412,
7/12/06,0.58,4372,3182,776,565,5149,3746,
7/13/06,0.53,6501,5671,10233,8925,16734,14596,
7/14/06,0.49,4693,4906,13762,14389,18455,19295,
7/15/06,0.44,1007,1261,7684,9630,8690,10892,
7/16/06,0.40,374,563,8116,12193,8491,12755,
7/17/06,0.36,252,455,6419,11558,6671,12013,
7/18/06,0.32,81,176,4540,9801,4622,9976,
7/19/06,0.28,5265,13623,19,50,5284,13673,
7/20/06,0.24,3724,11549,0,0,3724,11549,
7/21/06,0.21,3861,14356,4079,15165,7941,29520,
7/22/06,0.18,1943,8660,7013,31252,8956,39912,
7/23/06,0.16,1011,5399,4804,25663,5815,31062,
7/24/06,0.14,650,4164,2989,19135,3639,23299,
7/25/06,0.12,580,4450,4892,37548,5472,41998,
7/26/06,0.10,328,3019,6233,57348,6562,60367,
7/27/06,0.08,348,3833,2282,25163,2629,28997,
7/28/06,0.07,368,4869,1366,18054,1734,22923,
7/29/06,0.06,391,6197,511,8094,902,14291,
7/30/06,0.05,587,11145,187,3554,774,14699,
7/31/06,0.04,295,6718,393,8947,688,15665,
8/1/06,0.04,108,2943,0,0,108,2943,
8/2/06,0.03,182,5937,0,0,182,5937,
8/3/06,0.02,328,12870,0,0,328,12870,
8/4/06,0.02,340,15983,0,0,340,15983,
8/5/06,0.02,93,5213,160,8998,252,14212,
8/6/06,0.01,36,2423,83,5630,119,8053,
8/7/06,0.01,15,1241,83,6703,98,7944,
8/8/06,0.01,20,1910,82,7917,101,9828,
8/9/06,0.01,17,2028,53,6210,71,8237,
8/10/06,0.01,11,1504,40,5632,51,7136,
8/11/06,0.01,22,3631,22,3724,44,7355,
8/12/06,0.00,15,3046,12,2456,27,5502,
8/13/06,0.00,10,2356,6,1409,16,3765,
8/14/06,0.00,20,5709,9,2717,29,8426,
8/15/06,0.00,8,2722,9,2944,16,5667,
8/16/06,0.00,3,1382,6,2596,10,3977,
8/17/06,0.00,8,3863,6,3143,14,7006,
8/18/06,0.00,5,2856,2,1122,7,3978,
8/19/06,0.00,4,2586,3,1910,6,4497,
8/20/06,0.00,4,3461,1,1173,5,4634,
8/21/06,0.00,2,2245,1,1472,4,3716,
8/22/06,0.00,2,2468,2,2639,4,5107,
8/23/06,0.00,1,1158,1,1584,2,2742,
8/24/06,0.00,3,4659,1,1471,3,6131,
8/25/06,0.00,1,1628,1,1343,1,2972,
8/26/06,0.00,1,3537,0,845,2,4381,
8/27/06,0.00,1,2660,1,2502,2,5162,
8/28/06,0.00,1,1855,0,1120,1,2975,
8/29/06,0.00,0,1193,0,2222,0,3415,
8/30/06,0.00,0,2357,0,0,0,2357,
8/31/06,0.00,0,3189,0,136,0,3325,
9/1/06,0.00,0,4906,0,0,0,4906,
9/2/06,0.00,0,3234,0,0,0,3234,
9/3/06,0.00,0,3230,0,0,0,3230,
9/4/06,0.00,0,3098,0,0,0,3098,
9/5/06,0.00,0,2938,0,0,0,2938,
9/6/06,0.00,0,2806,0,0,0,2806,
9/7/06,0.00,0,2668,0,0,0,2668,
9/8/06,0.00,0,2544,0,0,0,2544,
9/9/06,0.00,0,2422,0,0,0,2422,
9/10/06,0.00,0,2308,0,0,0,2308,
9/11/06,0.00,0,2197,0,0,0,2197,
9/12/06,0.00,0,2094,0,0,0,2094,
9/13/06,0.00,0,1994,0,0,0,1994,
9/14/06,0.00,0,1899,0,0,0,1899,
9/15/06,0.00,0,1809,0,0,0,1809,
9/16/06,0.00,0,1723,0,0,0,1723,
9/17/06,0.00,0,1641,0,0,0,1641,
9/18/06,0.00,0,1563,0,0,0,1563,
9/19/06,0.00,0,1489,0,0,0,1489,
9/20/06,0.00,0,1418,0,0,0,1418,
9/21/06,0.00,0,1351,0,0,0,1351,
9/22/06,0.00,0,1287,0,0,0,1287,
9/23/06,0.00,0,1226,0,0,0,1226,
9/24/06,0.00,0,1168,0,0,0,1168,
9/25/06,0.00,0,1112,0,0,0,1112,
9/26/06,0.00,0,1059,0,0,0,1059,
9/27/06,0.00,0,1009,0,0,0,1009,
9/28/06,0.00,0,961,0,0,0,961,
9/29/06,0.00,0,915,0,0,0,915,
9/30/06,0.00,0,872,0,0,0,872,
6/1/07,1.00,42,0,0,0,42,0,
6/2/07,1.00,72,0,0,0,72,0,
6/3/07,1.00,1590,0,0,0,1590,0,
6/4/07,1.00,1388,0,0,0,1388,0,
6/5/07,1.00,882,0,0,0,882,0,
6/6/07,1.00,1017,0,0,0,1017,0,
6/7/07,1.00,4875,2,0,0,4875,2,
6/8/07,1.00,6003,3,0,0,6003,3,
6/9/07,1.00,3124,2,0,0,3124,2,
6/10/07,1.00,5867,6,165,0,6032,6,
6/11/07,1.00,4876,6,0,0,4876,6,
6/12/07,1.00,6919,11,451,1,7370,12,
6/13/07,1.00,20784,44,0,0,20784,44,
6/14/07,1.00,28461,78,1104,3,29565,81,
6/15/07,1.00,16328,59,924,3,17252,62,
6/16/07,1.00,8942,42,18227,85,27169,127,
6/17/07,0.99,6566,40,14986,91,21552,131,
6/18/07,0.99,12741,101,9081,72,21822,173,
6/19/07,0.99,22607,234,3320,34,25927,268,
6/20/07,0.99,18108,244,1269,17,19377,261,
6/21/07,0.98,26295,462,0,0,26295,462,
6/22/07,0.98,22147,508,0,0,22147,508,
6/23/07,0.97,22123,661,1180,35,23303,696,
6/24/07,0.96,23354,910,0,0,23354,910,
6/25/07,0.95,12124,616,29580,1502,41704,2118,
6/26/07,0.94,8732,578,38690,2561,47422,3139,
6/27/07,0.92,10873,938,17648,1523,28521,2461,
6/28/07,0.90,20933,2355,2024,228,22958,2582,
6/29/07,0.87,12246,1796,5917,868,18164,2663,
6/30/07,0.84,2859,546,13804,2639,16663,3185,
7/1/07,0.80,1408,351,11688,2912,13096,3263,
7/2/07,0.75,5622,1826,12236,3974,17858,5800,
7/3/07,0.70,3450,1461,11925,5049,15375,6510,
7/4/07,0.64,2483,1370,9855,5439,12337,6810,
7/5/07,0.58,1176,846,14562,10477,15738,11323,
7/6/07,0.52,1789,1677,10586,9928,12374,11606,
7/7/07,0.45,4072,4978,4265,5215,8337,10193,
7/8/07,0.39,7100,11316,1643,2619,8743,13935,
7/9/07,0.32,4415,9172,1097,2280,5512,11452,
7/10/07,0.27,3729,10101,3763,10191,7492,20292,
7/11/07,0.22,588,2076,4331,15291,4919,17367,
7/12/07,0.18,649,2987,4134,19026,4783,22013,
7/13/07,0.14,134,801,3155,18931,3289,19732,
7/14/07,0.11,201,1572,2710,21193,2911,22765,
7/15/07,0.09,114,1160,2831,28862,2945,30022,
7/16/07,0.07,219,2910,1993,26492,2212,29402,
7/17/07,0.05,135,2346,2123,36775,2258,39121,
7/18/07,0.04,768,17346,609,13751,1377,31097,
7/19/07,0.03,870,25613,2,69,872,25682,
7/20/07,0.03,793,30422,0,0,793,30422,
7/21/07,0.02,146,7291,306,15299,452,22590,
7/22/07,0.02,32,2118,269,17570,302,19687,
7/23/07,0.01,29,2456,292,24807,321,27263,
7/24/07,0.01,42,4705,277,30702,320,35406,
7/25/07,0.01,22,3242,171,24702,193,27944,
7/26/07,0.01,16,3002,123,23068,138,26071,
7/27/07,0.00,11,2781,65,15893,76,18674,
7/28/07,0.00,9,2809,62,19839,71,22648,
7/29/07,0.00,10,4292,48,19844,58,24136,
7/30/07,0.00,4,2075,23,12553,27,14628,
7/31/07,0.00,4,3101,16,11502,21,14602,
8/1/07,0.00,2,1687,12,11332,14,13019,
8/2/07,0.00,3,3475,13,16149,16,19624,
8/3/07,0.00,1,1710,11,17853,12,19563,
8/4/07,0.00,1,2660,4,8132,5,10792,
8/5/07,0.00,1,3157,4,10598,5,13755,
8/6/07,0.00,1,3178,3,8979,3,12158,
8/7/07,0.00,0,1677,2,9181,2,10858,
8/8/07,0.00,0,2674,1,4935,1,7609,
8/9/07,0.00,0,1837,1,5192,1,7029,
8/10/07,0.00,0,1176,0,4068,1,5243,
8/11/07,0.00,0,2764,0,3750,0,6514,
8/12/07,0.00,0,2103,0,3748,0,5851,
8/13/07,0.00,0,3317,0,2595,0,5912,
8/14/07,0.00,0,2739,0,961,0,3700,
8/15/07,0.00,0,2163,0,2532,0,4695,
8/16/07,0.00,0,2094,0,2684,0,4778,
8/17/07,0.00,0,3992,0,4381,0,8373,
8/18/07,0.00,0,2914,0,3183,0,6097,
8/19/07,0.00,0,3573,0,2427,0,6000,
8/20/07,0.00,0,1661,0,2391,0,4052,
8/21/07,0.00,0,1296,0,2726,0,4022,
8/22/07,0.00,0,1324,0,2019,0,3343,
8/23/07,0.00,0,1992,0,2343,0,4335,
8/24/07,0.00,0,2934,0,2533,0,5467,
8/25/07,0.00,0,1864,0,3002,0,4866,
8/26/07,0.00,0,3145,0,2359,0,5504,
8/27/07,0.00,0,3699,0,1481,0,5180,
8/28/07,0.00,0,2472,0,2502,0,4974,
8/29/07,0.00,0,2378,0,2165,0,4543,
8/30/07,0.00,0,1607,0,1626,0,3233,
8/31/07,0.00,0,1790,0,1888,0,3678,
9/1/07,0.00,0,2484,0,2363,0,4847,
9/2/07,0.00,0,1499,0,1730,0,3229,
9/3/07,0.00,0,1612,0,2191,0,3803,
9/4/07,0.00,0,1210,0,2129,0,3339,
9/5/07,0.00,0,2480,0,451,0,2931,
9/6/07,0.00,0,1575,0,998,0,2573,
9/7/07,0.00,0,2259,0,0,0,2259,
9/8/07,0.00,0,1983,0,0,0,1983,
9/9/07,0.00,0,1741,0,0,0,1741,
9/10/07,0.00,0,1529,0,0,0,1529,
9/11/07,0.00,0,1342,0,0,0,1342,
9/12/07,0.00,0,1178,0,0,0,1178,
9/13/07,0.00,0,1034,0,0,0,1034,
9/14/07,0.00,0,908,0,0,0,908,
9/15/07,0.00,0,797,0,0,0,797,
9/16/07,0.00,0,700,0,0,0,700,
9/17/07,0.00,0,614,0,0,0,614,
9/18/07,0.00,0,539,0,0,0,539,
9/19/07,0.00,0,473,0,0,0,473,
9/20/07,0.00,0,416,0,0,0,416,
9/21/07,0.00,0,365,0,0,0,365,
9/22/07,0.00,0,320,0,0,0,320,
9/23/07,0.00,0,281,0,0,0,281,
9/24/07,0.00,0,247,0,0,0,247,
9/25/07,0.00,0,217,0,0,0,217,
9/26/07,0.00,0,190,0,0,0,190,
9/27/07,0.00,0,167,0,0,0,167,
9/28/07,0.00,0,147,0,0,0,147,
9/29/07,0.00,0,129,0,0,0,129,
9/30/07,0.00,0,113,0,0,0,113,
5/26/08,1.00,8,0,0,0,8,0,
5/27/08,1.00,12,0,0,0,12,0,
5/28/08,1.00,24,0,0,0,24,0,
5/29/08,1.00,20,0,0,0,20,0,
5/30/08,1.00,12,0,0,0,12,0,
5/31/08,1.00,0,0,0,0,0,0,
6/1/08,1.00,42,0,0,0,42,0,
6/2/08,1.00,12,0,0,0,12,0,
6/3/08,1.00,42,0,0,0,42,0,
6/4/08,1.00,42,0,0,0,42,0,
6/5/08,1.00,149,1,0,0,149,1,
6/6/08,1.00,1013,4,0,0,1013,4,
6/7/08,1.00,1179,6,0,0,1179,6,
6/8/08,0.99,3434,21,0,0,3434,21,
6/9/08,0.99,1396,10,0,0,1396,10,
6/10/08,0.99,4702,40,210,2,4912,42,
6/11/08,0.99,8899,91,0,0,8899,91,
6/12/08,0.99,5460,67,0,0,5460,67,
6/13/08,0.99,10316,151,335,5,10651,156,
6/14/08,0.98,11880,208,0,0,11880,208,
6/15/08,0.98,11853,248,0,0,11853,248,
6/16/08,0.98,16956,425,0,0,16956,425,
6/17/08,0.97,10201,306,711,21,10912,327,
6/18/08,0.97,12581,451,0,0,12581,451,
6/19/08,0.96,34415,1474,0,0,34415,1474,
6/20/08,0.95,25881,1326,1528,78,27409,1404,
6/21/08,0.94,17508,1072,0,0,17508,1072,
6/22/08,0.93,30057,2201,0,0,30057,2201,
6/23/08,0.92,12421,1088,2093,183,14514,1271,
6/24/08,0.91,22637,2370,0,0,22637,2370,
6/25/08,0.89,20337,2546,34449,4313,54786,6859,
6/26/08,0.87,11048,1654,15952,2388,27000,4042,
6/27/08,0.85,7606,1361,24115,4316,31720,5678,
6/28/08,0.82,7531,1612,42288,9050,49819,10662,
6/29/08,0.80,4070,1042,14519,3715,18589,4757,
6/30/08,0.77,2659,813,13996,4282,16654,5096,
7/1/08,0.73,1740,637,16967,6207,18707,6844,
7/2/08,0.70,8125,3554,9710,4247,17835,7801,
7/3/08,0.66,8336,4360,4642,2428,12978,6788,
7/4/08,0.62,20817,13019,0,0,20817,13019,
7/5/08,0.57,6384,4774,12958,9689,19342,14463,
7/6/08,0.53,4247,3797,15176,13568,19423,17365,
7/7/08,0.48,1141,1219,11368,12153,12509,13372,
7/8/08,0.44,2022,2585,9780,12501,11802,15086,
7/9/08,0.40,1771,2706,6792,10381,8563,13087,
7/10/08,0.35,834,1524,6173,11281,7007,12805,
7/11/08,0.31,900,1965,2738,5984,3638,7949,
7/12/08,0.28,1825,4769,215,560,2040,5329,
7/13/08,0.24,3589,11213,42,132,3631,11345,
7/14/08,0.21,2367,8839,0,0,2367,8839,
7/15/08,0.18,1584,7077,0,0,1584,7077,
7/16/08,0.16,1706,9111,0,0,1706,9111,
7/17/08,0.14,2211,14115,0,0,2211,14115,
7/18/08,0.12,1790,13667,0,0,1790,13667,
7/19/08,0.10,1310,11958,409,3734,1719,15692,
7/20/08,0.08,527,5755,1128,12311,1655,18066,
7/21/08,0.07,241,3150,656,8558,897,11708,
7/22/08,0.06,176,2746,603,9402,779,12148,
7/23/08,0.05,122,2280,722,13475,844,15755,
7/24/08,0.04,77,1724,691,15424,769,17147,
7/25/08,0.04,155,4145,433,11558,589,15702,
7/26/08,0.03,222,7070,131,4167,352,11238,
7/27/08,0.03,286,10916,70,2652,356,13568,
7/28/08,0.02,230,10494,0,0,230,10494,
7/29/08,0.02,149,8120,0,0,149,8120,
7/30/08,0.02,67,4381,122,7984,190,12364,
7/31/08,0.01,63,4904,112,8708,175,13612,
8/1/08,0.01,63,5883,137,12795,200,18678,
8/2/08,0.01,40,4460,84,9343,124,13803,
8/3/08,0.01,25,3371,50,6599,75,9970,
8/4/08,0.01,19,3035,40,6448,60,9482,
8/5/08,0.01,18,3389,45,8506,62,11896,
8/6/08,0.00,17,3838,56,12824,73,16662,
8/7/08,0.00,10,2624,36,9709,45,12334,
8/8/08,0.00,7,2291,23,7527,30,9818,
8/9/08,0.00,5,2131,16,6160,21,8291,
8/10/08,0.00,9,4011,11,4931,19,8943,
8/11/08,0.00,7,3777,7,3849,14,7626,
8/12/08,0.00,5,3316,4,2830,9,6146,
8/13/08,0.00,4,3336,7,5482,11,8818,
8/14/08,0.00,4,4011,5,4449,9,8460,
8/15/08,0.00,1,1637,6,6636,7,8273,
8/16/08,0.00,2,2342,5,7126,7,9468,
8/17/08,0.00,1,2129,4,6039,5,8168,
8/18/08,0.00,4,7856,3,6373,7,14229,
8/19/08,0.00,2,3636,3,6680,4,10317,
8/20/08,0.00,1,2160,2,5087,3,7247,
8/21/08,0.00,1,2402,2,5780,2,8183,
8/22/08,0.00,1,2776,2,7917,3,10693,
8/23/08,0.00,1,2454,1,7070,2,9524,
8/24/08,0.00,1,3272,1,4822,1,8095,
8/25/08,0.00,1,4304,1,4601,1,8906,
8/26/08,0.00,0,3515,0,2319,1,5833,
8/27/08,0.00,0,2054,0,3950,1,6003,
8/28/08,0.00,0,2723,1,5980,1,8703,
8/29/08,0.00,0,2255,0,6008,1,8262,
8/30/08,0.00,0,2070,0,3358,0,5428,
8/31/08,0.00,0,2343,0,4236,0,6579,
9/1/08,0.00,0,3123,0,1902,0,5025,
9/2/08,0.00,0,2136,0,2373,0,4509,
9/3/08,0.00,0,1240,0,2863,0,4103,
9/4/08,0.00,0,791,0,2942,0,3733,
9/5/08,0.00,0,4,0,3392,0,3396,
9/6/08,0.00,0,966,0,2124,0,3090,
9/7/08,0.00,0,2096,0,716,0,2812,
9/8/08,0.00,0,1459,0,1099,0,2558,
9/9/08,0.00,0,1818,0,510,0,2328,
9/10/08,0.00,0,216,0,1902,0,2118,
9/11/08,0.00,0,700,0,1227,0,1927,
9/12/08,0.00,0,5,0,1748,0,1753,
9/13/08,0.00,0,833,0,762,0,1595,
9/14/08,0.00,0,1452,0,0,0,1452,
9/15/08,0.00,0,1129,0,0,0,1129,
9/16/08,0.00,0,961,0,192,0,1153,
9/17/08,0.00,0,1093,0,241,0,1334,
9/18/08,0.00,0,995,0,0,0,995,
9/19/08,0.00,0,905,0,0,0,905,
9/20/08,0.00,0,824,0,0,0,824,
9/21/08,0.00,0,749,0,0,0,749,
9/22/08,0.00,0,682,0,0,0,682,
9/23/08,0.00,0,620,0,0,0,620,
9/24/08,0.00,0,565,0,0,0,565,
9/25/08,0.00,0,514,0,0,0,514,
9/26/08,0.00,0,467,0,0,0,467,
9/27/08,0.00,0,425,0,0,0,425,
9/28/08,0.00,0,387,0,0,0,387,
9/29/08,0.00,0,352,0,0,0,352,
9/30/08,0.00,0,320,0,0,0,320,
5/28/10,0.96,6,0,0,0,6,0,
5/29/10,0.96,58,2,0,0,58,2,
5/30/10,0.96,10,0,0,0,10,0,
5/31/10,0.96,35,1,0,0,35,1,
6/1/10,0.96,212,9,0,0,212,9,
6/2/10,0.96,159,7,0,0,159,7,
6/3/10,0.96,109,5,0,0,109,5,
6/4/10,0.96,326,14,0,0,326,14,
6/5/10,0.96,838,36,0,0,838,36,
6/6/10,0.96,1125,48,0,0,1125,48,
6/7/10,0.96,1802,77,0,0,1802,77,
6/8/10,0.96,2900,124,0,0,2900,124,
6/9/10,0.96,4674,200,0,0,4674,200,
6/10/10,0.96,8389,359,0,0,8389,359,
6/11/10,0.96,12966,554,0,0,12966,554,
6/12/10,0.96,11445,489,731,31,12175,521,
6/13/10,0.96,9261,396,0,0,9261,396,
6/14/10,0.96,22363,956,861,37,23224,993,
6/15/10,0.96,32450,1207,0,0,32450,1207,
6/16/10,0.97,19594,621,4735,150,24329,771,
6/17/10,0.97,28949,760,3071,81,32020,841,
6/18/10,0.98,17986,375,27888,582,45874,957,
6/19/10,0.98,18064,281,40688,632,58752,913,
6/20/10,0.99,23799,244,57900,594,81698,839,
6/21/10,1.00,6442,32,47810,240,54251,273,
6/22/10,0.98,6291,107,43391,741,49681,849,
6/23/10,0.97,8018,236,33448,985,41466,1221,
6/24/10,0.96,3535,149,97087,4087,100622,4236,
6/25/10,0.95,6556,361,93568,5153,100124,5514,
6/26/10,0.94,5963,408,45787,3131,51751,3538,
6/27/10,0.92,12773,1051,45703,3759,58476,4810,
6/28/10,0.90,8994,1013,14440,1627,23434,2640,
6/29/10,0.87,10817,1567,14921,2161,25738,3727,
6/30/10,0.85,9339,1671,39034,6983,48373,8654,
7/1/10,0.82,43745,9408,38977,8383,82722,17791,
7/2/10,0.81,36732,8380,0,0,36732,8380,
7/3/10,0.81,16132,3895,33543,8099,49674,11995,
7/4/10,0.80,3693,942,29852,7615,33545,8557,
7/5/10,0.79,7739,2082,33124,8911,40863,10993,
7/6/10,0.79,1754,475,26745,7239,28500,7713,
7/7/10,0.79,3673,1006,22431,6144,26104,7150,
7/8/10,0.78,2114,582,29665,8173,31779,8755,
7/9/10,0.78,1233,340,32993,9090,34226,9430,
7/10/10,0.65,13455,7198,18672,9988,32127,17186,
7/11/10,0.52,11250,10427,9347,8662,20597,19089,
7/12/10,0.42,7004,9607,8799,12069,15804,21675,
7/13/10,0.32,1927,4014,8701,18127,10628,22141,
7/14/10,0.23,1162,3958,7611,25917,8773,29875,
7/15/10,0.24,719,2235,8282,25731,9002,27966,
7/16/10,0.26,562,1598,12448,35428,13009,37026,
7/17/10,0.28,138,362,8586,22466,8724,22828,
7/18/10,0.29,331,800,8010,19327,8341,20127,
7/19/10,0.29,204,493,8002,19310,8207,19802,
7/20/10,0.25,5214,15916,2501,7636,7715,23552,
7/21/10,0.20,3472,13843,995,3966,4466,17810,
7/22/10,0.15,1340,7348,1434,7861,2774,15209,
7/23/10,0.11,313,2583,2275,18793,2588,21376,
7/24/10,0.06,233,3533,1205,18311,1438,21845,
7/25/10,0.02,74,4695,397,25198,471,29893,
7/26/10,0.00,0,6060,0,19289,0,25349,
7/27/10,0.00,0,8055,0,18584,0,26639,
7/28/10,0.00,0,10638,0,8221,0,18859,
7/29/10,0.00,0,8066,0,7776,0,15842,
7/30/10,0.00,0,6751,0,18037,0,24788,
7/31/10,0.00,0,4129,0,18029,0,22158,
8/1/10,0.00,0,2349,0,11261,0,13610,
8/2/10,0.00,0,1343,0,12511,0,13854,
8/3/10,0.00,0,1314,0,10151,0,11465,
8/4/10,0.00,0,2616,0,13892,0,16508,
8/5/10,0.00,0,2785,0,11878,0,14663,
8/6/10,0.00,0,493,0,8559,0,9052,
8/7/10,0.00,0,2304,0,5837,0,8141,
8/8/10,0.00,0,1576,0,7600,0,9176,
8/9/10,0.00,0,3498,0,7675,0,11173,
8/10/10,0.00,0,4683,0,4352,0,9035,
8/11/10,0.00,0,1667,0,5432,0,7099,
8/12/10,0.00,0,2373,0,6339,0,8712,
8/13/10,0.00,0,649,0,7815,0,8464,
8/14/10,0.00,0,3038,0,6829,0,9867,
8/15/10,0.00,0,6622,0,3908,0,10530,
8/16/10,0.00,0,2622,0,4109,0,6731,
8/17/10,0.00,0,3501,0,5204,0,8705,
8/18/10,0.00,0,4265,0,3635,0,7900,
8/19/10,0.00,0,2632,0,7023,0,9655,
8/20/10,0.00,0,2142,0,11128,0,13270,
8/21/10,0.00,0,2953,0,7394,0,10347,
8/22/10,0.00,0,2767,0,6909,0,9676,
8/23/10,0.00,0,2510,0,7515,0,10025,
8/24/10,0.00,0,2658,0,5801,0,8459,
8/25/10,0.00,0,2658,0,3662,0,6320,
8/26/10,0.00,0,1707,0,4331,0,6038,
8/27/10,0.00,0,2941,0,5533,0,8474,
8/28/10,0.00,0,2104,0,4232,0,6336,
8/29/10,0.00,0,2000,0,6076,0,8076,
8/30/10,0.00,0,2730,0,3090,0,5820,
8/31/10,0.00,0,2146,0,2778,0,4924,
9/1/10,0.00,0,1369,0,1739,0,3108,
9/2/10,0.00,0,2231,0,1752,0,3983,
9/3/10,0.00,0,2830,0,734,0,3564,
9/4/10,0.00,0,1706,0,1484,0,3190,
9/5/10,0.00,0,1431,0,1423,0,2854,
9/6/10,0.00,0,928,0,1626,0,2554,
9/7/10,0.00,0,2271,0,15,0,2286,
9/8/10,0.00,0,2046,0,0,0,2046,
9/9/10,0.00,0,1831,0,0,0,1831,
9/10/10,0.00,0,1638,0,0,0,1638,
9/11/10,0.00,0,1466,0,0,0,1466,
9/12/10,0.00,0,1312,0,0,0,1312,
9/13/10,0.00,0,1174,0,0,0,1174,
9/14/10,0.00,0,1051,0,0,0,1051,
9/15/10,0.00,0,940,0,0,0,940,
9/16/10,0.00,0,841,0,0,0,841,
9/17/10,0.00,0,753,0,0,0,753,
9/18/10,0.00,0,674,0,0,0,674,
9/19/10,0.00,0,603,0,0,0,603,
9/20/10,0.00,0,540,0,0,0,540,
9/21/10,0.00,0,483,0,0,0,483,
9/22/10,0.00,0,432,0,0,0,432,
9/23/10,0.00,0,387,0,0,0,387,
9/24/10,0.00,0,346,0,0,0,346,
9/25/10,0.00,0,310,0,0,0,310,
9/26/10,0.00,0,277,0,0,0,277,
9/27/10,0.00,0,248,0,0,0,248,
9/28/10,0.00,0,222,0,0,0,222,
9/29/10,0.00,0,199,0,0,0,199,
9/30/10,0.00,0,178,0,0,0,178,
5/31/11,1.00,232,0,0,0,232,0,
6/1/11,1.00,4061,8,0,0,4061,8,
6/2/11,1.00,10372,21,0,0,10372,21,
6/3/11,1.00,9065,18,0,0,9065,18,
6/4/11,1.00,17756,36,0,0,17756,36,
6/5/11,1.00,32422,65,3608,7,36030,72,
6/6/11,1.00,24675,49,67083,134,91757,184,
6/7/11,1.00,18651,37,50826,102,69477,139,
6/8/11,1.00,27242,55,57172,115,84415,169,
6/9/11,1.00,22635,45,85894,172,108529,217,
6/10/11,1.00,20880,42,84251,169,105131,211,
6/11/11,1.00,21884,44,65363,131,87247,175,
6/12/11,1.00,17841,36,69429,139,87270,175,
6/13/11,1.00,20884,42,84502,85,105387,126,
6/14/11,1.00,18809,19,76876,0,95685,19,
6/15/11,1.00,14956,0,103873,0,118829,0,
6/16/11,1.00,13014,0,126291,0,139305,0,
6/17/11,1.00,19896,0,147229,502,167125,502,
6/18/11,1.00,26463,90,138700,950,165163,1040,
6/19/11,0.99,18417,126,173549,1788,191966,1915,
6/20/11,0.99,17235,178,132134,1822,149370,1999,
6/21/11,0.99,15612,215,84809,1467,100421,1682,
6/22/11,0.98,10232,177,128238,2671,138471,2847,
6/23/11,0.98,8605,179,139407,3428,148011,3607,
6/24/11,0.98,4227,104,81883,5227,86110,5330,
6/25/11,0.94,9141,583,53773,5710,62913,6294,
6/26/11,0.90,3863,410,61253,9315,65116,9725,
6/27/11,0.87,3682,560,45356,9158,49038,9718,
6/28/11,0.83,3824,772,112856,18029,116680,18802,
6/29/11,0.86,5120,818,60990,7346,66110,8164,
6/30/11,0.89,9269,1116,63425,5310,72694,6426,
7/1/11,0.92,11152,934,60008,2959,71160,3893,
7/2/11,0.95,7337,362,33470,3843,40807,4205,
7/3/11,0.90,5084,584,37305,7053,42389,7637,
7/4/11,0.84,5607,1060,23298,6381,28905,7441,
7/5/11,0.79,3820,1046,11941,3597,15761,4643,
7/6/11,0.77,6898,2078,30320,9999,37218,12077,
7/7/11,0.75,4098,1352,15658,5631,19756,6982,
7/8/11,0.74,1773,637,27343,10686,29116,11324,
7/9/11,0.72,458,179,20852,8150,21310,8329,
7/10/11,0.72,2583,1010,15576,15085,18159,16095,
7/11/11,0.51,1118,1083,11446,27093,12564,28176,
7/12/11,0.30,925,2188,10226,23635,11151,25824,
7/13/11,0.30,1815,4194,7221,16224,9036,20419,
7/14/11,0.31,2551,5731,2612,6662,5162,12393,
7/15/11,0.28,2531,6458,1755,5121,4286,11578,
7/16/11,0.26,1649,4814,2127,7168,3776,11981,
7/17/11,0.23,2312,7791,817,3219,3128,11010,
7/18/11,0.20,3297,12993,1755,8217,5052,21210,
7/19/11,0.18,1430,6693,1232,7004,2662,13697,
7/20/11,0.15,1979,11247,475,3387,2454,14635,
7/21/11,0.12,1045,7453,240,1926,1285,9379,
7/22/11,0.11,2663,21417,294,2698,2957,24115,
7/23/11,0.10,1223,11228,34,358,1256,11587,
7/24/11,0.09,787,8385,0,0,787,8385,
7/25/11,0.07,535,6751,2110,32473,2644,39225,
7/26/11,0.06,171,2631,1189,23266,1359,25898,
7/27/11,0.05,193,3770,1161,31079,1353,34850,
7/28/11,0.04,101,2695,1011,41818,1111,44514,
7/29/11,0.02,102,4215,224,19748,326,23963,
7/30/11,0.01,59,5190,0,14284,59,19474,
7/31/11,0,0,3445,0,16865.6,0,20310.6,
8/1/11,0,0,1978,0,6425,0,8403,
8/2/11,0,0,3793,0,10935,0,14728,
8/3/11,0,0,3058,0,8673,0,11731,
8/4/11,0,0,2341,0,6360,0,8701,
8/5/11,0,0,3141,0,4755,0,7896,
8/6/11,0,0,2318,0,6668,0,8986,
8/7/11,0,0,1442,0,5057,0,6499,
8/8/11,0,0,1790,0,4311,0,6101,
8/9/11,0,0,1050,0,5039,0,6089,
8/10/11,0,0,2307,0,4120,0,6427,
8/11/11,0,0,1325,0,4834,0,6159,
8/12/11,0,0,1331,0,2771,0,4102,
8/13/11,0,0,2502,0,2017,0,4519,
8/14/11,0,0,2170,0,1896,0,4066,
8/15/11,0,0,2452,0,1743,0,4195,
8/16/11,0,0,1450,0,1301,0,2751,
8/17/11,0,0,1952,0,1726,0,3678,
8/18/11,0,0,1355,0,1666,0,3021,
8/19/11,0,0,2768,0,2172,0,4940,
8/20/11,0,0,1470,0,2359,0,3829,
8/21/11,0,0,1785,0,1772,0,3557,
8/22/11,0,0,2397,0,283,0,2680,
8/23/11,0,0,2488,0,0,0,2488,
8/24/11,0,0,2027,0,219,0,2246,
8/25/11,0,0,1819,0,30,0,1849,
8/26/11,0,0,2260,0,579,0,2839,
8/27/11,0,0,2800,0,356,0,3156,
8/28/11,0,0,1877,0,151,0,2028,
8/29/11,0,0,1271,0,270,0,1541,
8/30/11,0,0,1418,0,0,0,1418,
8/31/11,0,0,1624,0,0,0,1624,
9/1/11,0,0,939,0,0,0,939,
9/2/11,0,0,814,0,0,0,814,
9/3/11,0,0,727.96,0,0,0,727.96,
9/4/11,0,0,651.01,0,0,0,651.01,
9/5/11,0,0,582.19,0,0,0,582.19,
9/6/11,0,0,520.65,0,0,0,520.65,
9/7/11,0,0,465.62,0,0,0,465.62,
9/8/11,0,0,416.4,0,0,0,416.4,
9/9/11,0,0,372.38,0,0,0,372.38,
9/10/11,0,0,333.02,0,0,0,333.02,
9/11/11,0,0,297.82,0,0,0,297.82,
9/12/11,0,0,266.34,0,0,0,266.34,
9/13/11,0,0,238.18,0,0,0,238.18,
9/14/11,0,0,213.01,0,0,0,213.01,
9/15/11,0,0,190.49,0,0,0,190.49,
9/16/11,0,0,170.36,0,0,0,170.36,
9/17/11,0,0,152.35,0,0,0,152.35,
9/18/11,0,0,136.24,0,0,0,136.24,
9/19/11,0,0,121.84,0,0,0,121.84,
9/20/11,0,0,108.96,0,0,0,108.96,
9/21/11,0,0,97.44519,0,0,0,97.44519,
9/22/11,0,0,87.14476,0,0,0,87.14476,
9/23/11,0,0,77.93313,0,0,0,77.93313,
9/24/11,0,0,69.69521,0,0,0,69.69521,
9/25/11,0,0,62.32809,0,0,0,62.32809,
9/26/11,0,0,55.7397,0,0,0,55.7397,
9/27/11,0,0,49.84774,0,0,0,49.84774,
9/28/11,0,0,44.57859,0,0,0,44.57859,
9/29/11,0,0,39.86641,0,0,0,39.86641,
9/30/11,0,0,35.65234,0,0,0,35.65234,
5/30/12,1.00,1213,0,0,0,1213,0,
5/31/12,1.00,4325,0,0,0,4325,0,
6/1/12,1.00,718,0,0,0,718,0,
6/2/12,1.00,1213,0,0,0,1213,0,
6/3/12,1.00,2852,0,0,0,2852,0,
6/4/12,1.00,2095,0,0,0,2095,0,
6/5/12,1.00,5679,1,0,0,5679,1,
6/6/12,1.00,11477,4,0,0,11477,4,
6/7/12,1.00,7219,3,0,0,7219,3,
6/8/12,1.00,13764,8,0,0,13764,8,
6/9/12,1.00,16853,14,0,0,16853,14,
6/10/12,1.00,16744,18,0,0,16744,18,
6/11/12,1.00,21069,31,0,0,21069,31,
6/12/12,1.00,13729,27,0,0,13729,27,
6/13/12,1.00,10096,26,0,0,10096,26,
6/14/12,1.00,4315,15,0,0,4315,15,
6/15/12,1.00,3655,17,545,2,4200,19,
6/16/12,0.99,14807,90,0,0,14807,90,
6/17/12,0.99,24764,201,0,0,24764,201,
6/18/12,0.99,12514,135,1526,16,14039,152,
6/19/12,0.99,17538,253,12696,183,30235,435,
6/20/12,0.98,13784,264,15294,293,29077,558,
6/21/12,0.98,18884,482,28428,726,47311,1209,
6/22/12,0.97,10921,372,17411,592,28332,964,
6/23/12,0.96,9765,442,8685,394,18450,836,
6/24/12,0.94,7750,468,11932,720,19682,1188,
6/25/12,0.93,9723,782,39289,3159,49012,3940,
6/26/12,0.90,6563,703,15303,1639,21866,2341,
6/27/12,0.88,8802,1255,35225,5024,44027,6279,
6/28/12,0.84,7018,1333,45348,8615,52366,9948,
6/29/12,0.80,7044,1782,41963,10618,49007,12400,
6/30/12,0.75,9731,3279,49220,16588,58951,19867,
7/1/12,0.69,8115,3643,38698,17371,46814,21013,
7/2/12,0.63,3184,1903,30685,18346,33869,20249,
7/3/12,0.56,2900,2309,55949,44553,58849,46862,
7/4/12,0.49,1338,1420,38030,40336,39368,41756,
7/5/12,0.41,1759,2484,17463,24671,19222,27155,
7/6/12,0.35,2858,5378,34477,64873,37335,70251,
7/7/12,0.29,1479,3707,19194,48105,20673,51812,
7/8/12,0.23,427,1426,15002,50078,15429,51504,
7/9/12,0.18,911,4050,10606,47158,11517,51208,
7/10/12,0.14,198,1171,7056,41786,7254,42957,
7/11/12,0.11,303,2394,5756,45402,6059,47795,
7/12/12,0.09,1551,16296,3792,39838,5343,56134,
7/13/12,0.07,1718,24042,3866,54103,5584,78145,
7/14/12,0.05,535,9977,1500,27955,2035,37932,
7/15/12,0.04,506,12564,1377,34180,1883,46744,
7/16/12,0.03,333,10999,1327,43890,1660,54889,
7/17/12,0.02,295,12975,852,37503,1146,50479,
7/18/12,0.02,171,10045,688,40368,859,50413,
7/19/12,0.01,96,7481,506,39528,602,47009,
7/20/12,0.01,24,2480,416,43286,440,45766,
7/21/12,0.01,12,1688,304,42115,316,43803,
7/22/12,0.01,7,1292,45,8240,52,9532,
7/23/12,0.00,5,1147,47,11476,51,12624,
7/24/12,0.00,11,3485,138,45084,148,48570,
7/25/12,0.00,5,1977,103,45070,108,47048,
7/26/12,0.00,16,9007,90,52530,106,61537,
7/27/12,0.00,19,14891,23,17552,42,32443,
7/28/12,0.00,10,9955,50,51108,59,61064,
7/29/12,0.00,9,12586,35,48163,44,60749,
7/30/12,0.00,6,11721,24,44049,30,55770,
7/31/12,0.00,2,5169,22,52455,24,57624,
8/1/12,0.00,0,2797,0,52333,0,55130,
8/2/12,0.00,0,2217,0,28366,0,30583,
8/3/12,0.00,0,4679,0,34790,0,39469,
8/4/12,0.00,0,7224,0,16087,0,23311,
8/5/12,0.00,0,4015,0,33393,0,37408,
8/6/12,0.00,0,1842,0,13430,0,15272,
8/7/12,0.00,0,2213,0,15293,0,17506,
8/8/12,0.00,0,2354,0,6322,0,8676,
8/9/12,0.00,0,1015,0,22700,0,23715,
8/10/12,0.00,0,1243,0,16189,0,17432,
8/11/12,0.00,0,1642,0,14644,0,16286,
8/12/12,0.00,0,1685,0,8919,0,10604,
8/13/12,0.00,0,2856,0,3562,0,6418,
8/14/12,0.00,0,3770,0,5271,0,9041,
8/15/12,0.00,0,9268,0,6612,0,15880,
8/16/12,0.00,0,3423,0,7814,0,11237,
8/17/12,0.00,0,1892,0,7045,0,8937,
8/18/12,0.00,0,3882,0,5952,0,9834,
8/19/12,0.00,0,2418,0,6730,0,9148,
8/20/12,0.00,0,1850,0,4916,0,6766,
8/21/12,0.00,0,4138,0,4411,0,8549,
8/22/12,0.00,0,1408,0,4547,0,5955,
8/23/12,0.00,0,2804,0,3481,0,6285,
8/24/12,0.00,0,4207,0,2577,0,6784,
8/25/12,0.00,0,3634,0,1930,0,5564,
8/26/12,0.00,0,2365,0,2480,0,4845,
8/27/12,0.00,0,3483,0,5948,0,9431,
8/28/12,0.00,0,5030,0,4174,0,9204,
8/29/12,0.00,0,3123,0,3949,0,7072,
8/30/12,0.00,0,1218,0,2029,0,3247,
8/31/12,0.00,0,3277,0,3346,0,6623,
9/1/12,0.00,0,2362,0,2436,0,4798,
9/2/12,0.00,0,3494,0,1575,0,5069,
9/3/12,0.00,0,723,0,2990,0,3713,
9/4/12,0.00,0,3102,0,0,0,3102,
9/5/12,0.00,0,2923,0,1703,0,4626,
9/6/12,0.00,0,2754,0,0,0,2754,
9/7/12,0.00,0,1384,0,2005,0,3389,
9/8/12,0.00,0,2446,0,1934,0,4380,
9/9/12,0.00,0,2305,0,2958,0,5263,
9/10/12,0.00,0,2172,0,658,0,2830,
9/11/12,0.00,0,2046,0,1346,0,3392,
9/12/12,0.00,0,1928,0,0,0,1928,
9/13/12,0.00,0,1817,0,2569,0,4386,
9/14/12,0.00,0,1712,0,0,0,1712,
9/15/12,0.00,0,1613,0,0,0,1613,
9/16/12,0.00,0,1520,0,0,0,1520,
9/17/12,0.00,0,1433,0,1211,0,2644,
9/18/12,0.00,0,1350,0,0,0,1350,
9/19/12,0.00,0,1272,0,0,0,1272,
9/20/12,0.00,0,1199,0,0,0,1199,
9/21/12,0.00,0,1129,0,0,0,1129,
9/22/12,0.00,0,1064,0,0,0,1064,
9/23/12,0.00,0,1003,0,0,0,1003,
9/24/12,0.00,0,945,0,0,0,945,
9/25/12,0.00,0,890,0,0,0,890,
9/26/12,0.00,0,839,0,0,0,839,
9/27/12,0.00,0,791,0,0,0,791,
9/28/12,0.00,0,745,0,0,0,745,
9/29/12,0.00,0,702,0,0,0,702,
9/30/12,0.00,0,662,0,0,0,662,
5/28/13,1.00,543,0,0,0,543,0,
5/29/13,1.00,2664,0,0,0,2664,1,
5/30/13,1.00,963,0,0,0,963,0,
5/31/13,1.00,1106,0,0,0,1106,0,
6/1/13,1.00,3668,0,0,0,3668,0,
6/2/13,1.00,2939,0,0,0,2939,0,
6/3/13,1.00,2148,0,1290,0,3438,0,
6/4/13,1.00,5308,1,0,0,5308,1,
6/5/13,1.00,3853,0,1460,0,5312,1,
6/6/13,1.00,10474,2,0,0,10474,2,
6/7/13,1.00,15764,4,32836,7,48600,11,
6/8/13,1.00,13544,4,41865,13,55409,17,
6/9/13,1.00,8719,3,38097,15,46815,19,
6/10/13,1.00,10825,6,46605,25,57431,30,
6/11/13,1.00,10187,7,38246,27,48433,34,
6/12/13,1.00,4833,4,36655,34,41488,38,
6/13/13,1.00,8634,11,45219,56,53854,66,
6/14/13,1.00,6138,10,76327,124,82465,134,
6/15/13,1.00,5103,11,103557,224,108660,235,
6/16/13,1.00,7163,21,108751,312,115914,332,
6/17/13,1.00,8078,31,120322,457,128400,488,
6/18/13,0.99,18886,95,63466,320,82352,415,
6/19/13,0.99,7901,53,124908,835,132809,888,
6/20/13,0.99,10328,92,72116,639,82445,731,
6/21/13,0.99,14810,174,28537,336,43347,510,
6/22/13,0.98,16548,258,29801,465,46349,723,
6/23/13,0.98,27927,578,128296,2655,156223,3233,
6/24/13,0.97,36906,1013,135681,3724,172587,4737,
6/25/13,0.96,39689,1445,120591,4390,160280,5835,
6/26/13,0.95,20599,995,100169,4837,120769,5832,
6/27/13,0.94,16638,1066,72669,4654,89307,5720,
6/28/13,0.92,12629,1073,76830,6527,89459,7600,
6/29/13,0.90,5411,610,63108,7111,68519,7721,
6/30/13,0.87,4068,608,41345,6180,45413,6788,
7/1/13,0.83,3195,633,44372,8797,47567,9430,
7/2/13,0.79,3082,811,36419,9577,39502,10388,
7/3/13,0.74,2685,936,38781,13527,41466,14463,
7/4/13,0.68,1553,718,24236,11213,25789,11931,
7/5/13,0.62,1489,914,23734,14564,25223,15478,
7/6/13,0.55,1458,1186,20096,16357,21554,17543,
7/7/13,0.48,914,987,16631,17955,17545,18942,
7/8/13,0.41,995,1426,13111,18776,14107,20201,
7/9/13,0.34,883,1677,12356,23469,13239,25146,
7/10/13,0.28,856,2155,15876,40000,16732,42155,
7/11/13,0.23,134,448,9295,31061,9429,31509,
7/12/13,0.18,486,2152,7640,33862,8125,36015,
7/13/13,0.15,620,3644,1042,6124,1662,9768,
7/14/13,0.11,3319,25886,666,5191,3985,31077,
7/15/13,0.09,2448,25320,1839,19022,4287,44342,
7/16/13,0.07,1461,20047,5156,70735,6617,90782,
7/17/13,0.05,505,9181,2247,40896,2752,50077,
7/18/13,0.04,158,3812,1635,39476,1793,43288,
7/19/13,0.03,167,5342,1027,32865,1193,38208,
7/20/13,0.02,53,2261,797,33836,850,36097,
7/21/13,0.02,40,2231,360,20273,400,22504,
7/22/13,0.01,27,1992,315,23569,342,25561,
7/23/13,0.01,21,2094,395,39149,416,41243,
7/24/13,0.01,22,2924,191,25151,214,28074,
7/25/13,0.01,15,2608,150,26145,165,28753,
7/26/13,0.00,20,4670,84,19426,104,24096,
7/27/13,0.00,15,4621,46,14262,62,18883,
7/28/13,0.00,26,10728,25,10007,51,20735,
7/29/13,0.00,9,5122,27,14580,37,19701,
7/30/13,0.00,35,24795,14,10354,49,35149,
7/31/13,0.00,21,20149,13,12174,34,32322,
8/1/13,0.00,12,15324,0,0,12,15324,
8/2/13,0.00,2,2771,6,10572,8,13343,
8/3/13,0.00,1,2097,4,9367,5,11464,
8/4/13,0.00,1,2608,2,6758,3,9366,
8/5/13,0.00,0,814,3,10253,3,11067,
8/6/13,0.00,0,1727,1,6449,2,8175,
8/7/13,0.00,1,5515,1,8739,2,14254,
8/8/13,0.00,0,3141,1,7234,1,10375,
8/9/13,0.00,0,2018,1,7368,1,9386,
8/10/13,0.00,0,2144,0,8002,1,10145,
8/11/13,0.00,0,2637,0,5995,0,8632,
8/12/13,0.00,0,3603,0,6339,0,9942,
8/13/13,0.00,0,2352,0,5917,0,8269,
8/14/13,0.00,0,2491,0,8348,0,10839,
8/15/13,0.00,0,1842,0,8322,0,10164,
8/16/13,0.00,0,1620,0,5224,0,6844,
8/17/13,0.00,0,763,0,4097,0,4860,
8/18/13,0.00,0,1010,0,4625,0,5635,
8/19/13,0.00,0,2371,0,3292,0,5663,
8/20/13,0.00,0,1848,0,4202,0,6050,
8/21/13,0.00,0,2684,0,3241,0,5925,
8/22/13,0.00,0,2500,0,2375,0,4875,
8/23/13,0.00,0,1402,0,2321,0,3723,
8/24/13,0.00,0,2608,0,1749,0,4357,
8/25/13,0.00,0,1802,0,1782,0,3584,
8/26/13,0.00,0,2228,0,1973,0,4201,
8/27/13,0.00,0,3545,0,1846,0,5391,
8/28/13,0.00,0,3954,0,0,0,3954,
8/29/13,0.00,0,1669,0,0,0,1669,
8/30/13,0.00,0,6986,0,0,0,6986,
8/31/13,0.00,0,5548,0,0,0,5548,
9/1/13,0.00,0,5284,0,0,0,5284,
9/2/13,0.00,0,5119,0,0,0,5119,
9/3/13,0.00,0,3518,0,0,0,3518,
9/4/13,0.00,0,3381,0,0,0,3381,
9/5/13,0.00,0,3250,0,0,0,3250,
9/6/13,0.00,0,3124,0,0,0,3124,
9/7/13,0.00,0,3002,0,0,0,3002,
9/8/13,0.00,0,2886,0,0,0,2886,
9/9/13,0.00,0,2774,0,0,0,2774,
9/10/13,0.00,0,2666,0,0,0,2666,
9/11/13,0.00,0,2563,0,0,0,2563,
9/12/13,0.00,0,2463,0,0,0,2463,
9/13/13,0.00,0,2368,0,0,0,2368,
9/14/13,0.00,0,2276,0,0,0,2276,
9/15/13,0.00,0,2187,0,0,0,2187,
9/16/13,0.00,0,2102,0,0,0,2102,
9/17/13,0.00,0,2021,0,0,0,2021,
9/18/13,0.00,0,1942,0,0,0,1942,
9/19/13,0.00,0,1867,0,0,0,1867,
9/20/13,0.00,0,1794,0,0,0,1794,
9/21/13,0.00,0,1725,0,0,0,1725,
9/22/13,0.00,0,1658,0,0,0,1658,
9/23/13,0.00,0,1593,0,0,0,1593,
9/24/13,0.00,0,1531,0,0,0,1531,
9/25/13,0.00,0,1472,0,0,0,1472,
9/26/13,0.00,0,1415,0,0,0,1415,
9/27/13,0.00,0,1360,0,0,0,1360,
9/28/13,0.00,0,1307,0,0,0,1307,
9/29/13,0.00,0,1256,0,0,0,1256,
9/30/13,0.00,0,1208,0,0,0,1208,
5/25/14,1.00,54,0,0,0,54,0,
5/26/14,1.00,97,0,0,0,97,0,
5/27/14,1.00,42,0,0,0,42,0,
5/28/14,1.00,120,0,0,0,120,0,
5/29/14,1.00,179,0,0,0,179,0,
5/30/14,1.00,231,0,0,0,231,0,
5/31/14,1.00,303,0,0,0,303,0,
6/1/14,1.00,477,0,0,0,477,0,
6/2/14,1.00,1791,0,0,0,1791,0,
6/3/14,1.00,106,0,0,0,106,0,
6/4/14,1.00,1433,2,0,0,1433,2,
6/5/14,1.00,450,1,0,0,450,1,
6/6/14,1.00,2002,4,0,0,2002,4,
6/7/14,1.00,5609,15,0,0,5609,15,
6/8/14,1.00,7016,23,0,0,7016,23,
6/9/14,1.00,10791,43,0,0,10791,43,
6/10/14,1.00,8239,39,0,0,8239,39,
6/11/14,0.99,2042,12,397,2,2439,14,
6/12/14,0.99,3201,23,0,0,3201,23,
6/13/14,0.99,10550,90,0,0,10550,90,
6/14/14,0.99,8629,89,0,0,8629,89,
6/15/14,0.99,16867,212,0,0,16867,212,
6/16/14,0.98,10343,158,1012,15,11355,173,
6/17/14,0.98,17068,316,0,0,17068,316,
6/18/14,0.98,11356,255,0,0,11356,255,
6/19/14,0.97,16656,453,644,18,17300,471,
6/20/14,0.97,11455,378,0,0,11455,378,
6/21/14,0.96,16453,659,0,0,16453,659,
6/22/14,0.95,8309,403,0,0,8309,403,
6/23/14,0.94,12216,719,0,0,12216,719,
6/24/14,0.93,17035,1217,0,0,17035,1217,
6/25/14,0.92,12603,1092,0,0,12603,1092,
6/26/14,0.90,11198,1177,0,0,11198,1177,
6/27/14,0.89,8792,1120,0,0,8792,1120,
6/28/14,0.87,5393,834,0,0,5393,834,
6/29/14,0.84,8337,1563,0,0,8337,1563,
6/30/14,0.81,10751,2445,0,0,10751,2445,
7/1/14,0.78,8036,2217,0,0,8036,2217,
7/2/14,0.75,6069,2030,0,0,6069,2030,
7/3/14,0.71,7051,2861,33,13,7084,2874,
7/4/14,0.67,6480,3189,0,0,6480,3189,
7/5/14,0.63,9199,5492,0,0,9199,5492,
7/6/14,0.58,7286,5276,0,0,7286,5276,
7/7/14,0.53,9969,8755,0,0,9969,8755,
7/8/14,0.48,7475,7963,0,0,7475,7963,
7/9/14,0.44,10765,13908,0,0,10765,13908,
7/10/14,0.39,7054,11055,0,0,7054,11055,
7/11/14,0.34,7495,14246,0,0,7495,14246,
7/12/14,0.30,3629,8366,415,957,4044,9323,
7/13/14,0.26,3389,9476,3710,10376,7099,19852,
7/14/14,0.23,2078,7050,3541,12011,5619,19061,
7/15/14,0.20,627,2579,5360,22051,5987,24630,
7/16/14,0.17,439,2188,3473,17326,3912,19514,
7/17/14,0.14,350,2117,5453,32998,5803,35115,
7/18/14,0.12,303,2225,2885,21181,3188,23406,
7/19/14,0.10,613,5455,3731,33221,4344,38676,
7/20/14,0.08,1760,19004,1647,17783,3406,36787,
7/21/14,0.07,1347,17651,648,8491,1996,26142,
7/22/14,0.06,302,4793,741,11774,1043,16567,
7/23/14,0.05,64,1236,734,14141,798,15377,
7/24/14,0.04,78,1833,864,20200,942,22033,
7/25/14,0.03,54,1522,1171,33203,1225,34725,
7/26/14,0.03,64,2184,433,14902,497,17086,
7/27/14,0.02,70,2900,544,22690,614,25590,
7/28/14,0.02,39,1995,360,18206,399,20201,
7/29/14,0.02,39,2421,323,19848,363,22269,
7/30/14,0.01,27,2046,294,21911,322,23957,
7/31/14,0.01,36,3253,250,22584,286,25837,
8/1/14,0.00,0,1493,0,11833,0,13326,
8/2/14,0.00,0,2310,0,22076,0,24386,
8/3/14,0.00,0,1994,0,22827,0,24821,
8/4/14,0.00,0,2041,0,15887,0,17928,
8/5/14,0.00,0,4048,0,14246,0,18294,
8/6/14,0.00,0,1888,0,19727,0,21615,
8/7/14,0.00,0,1213,0,13532,0,14745,
8/8/14,0.00,0,1057,0,7246,0,8303,
8/9/14,0.00,0,1561,0,7053,0,8614,
8/10/14,0.00,0,2360,0,3965,0,6325,
8/11/14,0.00,0,2354,0,11828,0,14182,
8/12/14,0.00,0,2313,0,7519,0,9832,
8/13/14,0.00,0,6147,0,5810,0,11957,
8/14/14,0.00,0,6445,0,384,0,6829,
8/15/14,0.00,0,3333,0,0,0,3333,
8/16/14,0.00,0,3135,0,2922,0,6057,
8/17/14,0.00,0,3631,0,4058,0,7689,
8/18/14,0.00,0,3039,0,4278,0,7317,
8/19/14,0.00,0,2710,0,5502,0,8212,
8/20/14,0.00,0,2276,0,5963,0,8239,
8/21/14,0.00,0,2414,0,5766,0,8180,
8/22/14,0.00,0,1409,0,5998,0,7407,
8/23/14,0.00,0,1807,0,2369,0,4176,
8/24/14,0.00,0,3198,0,1031,0,4229,
8/25/14,0.00,0,1249,0,382,0,1631,
8/26/14,0.00,0,1419,0,304,0,1723,
8/27/14,0.00,0,1382,0,1216,0,2598,
8/28/14,0.00,0,1356,0,1004,0,2360,
8/29/14,0.00,0,1611,0,631,0,2242,
8/30/14,0.00,0,1412,0,417,0,1829,
8/31/14,0.00,0,1805,0,0,0,1805,
9/1/14,0.00,0,1396,0,0,0,1396,
9/2/14,0.00,0,1008,0,0,0,1008,
9/3/14,0.00,0,617,0,0,0,617,
9/4/14,0.00,0,2055,0,0,0,2055,
9/5/14,0.00,0,1860,0,0,0,1860,
9/6/14,0.00,0,792,0,0,0,792,
9/7/14,0.00,0,1010,0,0,0,1010,
9/8/14,0.00,0,1365,0,0,0,1365,
9/9/14,0.00,0,520,0,0,0,520,
9/10/14,0.00,0,1732,0,0,0,1732,
9/11/14,0.00,0,896,0,0,0,896,
9/12/14,0.00,0,1501,0,0,0,1501,
9/13/14,0.00,0,875,0,0,0,875,
9/14/14,0.00,0,193,0,0,0,193,
9/15/14,0.00,0,112,0,0,0,112,
9/16/14,0.00,0,1033,0,0,0,1033,
9/17/14,0.00,0,579,0,0,0,579,
9/18/14,0.00,0,853,0,0,0,853,
9/19/14,0.00,0,1104,0,0,0,1104,
9/20/14,0.00,0,1691,0,0,0,1691,
9/21/14,0.00,0,1495,0,0,0,1495,
9/22/14,0.00,0,716,0,0,0,716,
9/23/14,0.00,0,789,0,0,0,789,
9/24/14,0.00,0,716,0,0,0,716,
9/25/14,0.00,0,825,0,0,0,825,
9/26/14,0.00,0,456,0,0,0,456,
5/20/15,1.00,12,0,0,0,12,0,
5/21/15,1.00,12,0,0,0,12,0,
5/22/15,1.00,24,0,0,0,24,0,
5/23/15,1.00,48,0,0,0,48,0,
5/24/15,1.00,121,0,0,0,121,0,
5/25/15,1.00,66,0,0,0,66,0,
5/26/15,1.00,78,0,0,0,78,0,
5/27/15,1.00,216,0,0,0,216,0,
5/28/15,1.00,182,0,0,0,182,0,
5/29/15,1.00,205,0,0,0,205,0,
5/30/15,1.00,394,0,0,0,394,0,
5/31/15,1.00,266,0,0,0,266,0,
6/1/15,1.00,396,0,0,0,396,0,
6/2/15,1.00,862,0,0,0,862,0,
6/3/15,1.00,1414,0,0,0,1414,0,
6/4/15,1.00,1614,0,0,0,1614,0,
6/5/15,1.00,2016,0,0,0,2016,0,
6/6/15,1.00,2284,1,0,0,2284,1,
6/7/15,1.00,3693,1,0,0,3693,1,
6/8/15,1.00,3098,1,0,0,3098,1,
6/9/15,1.00,5913,2,0,0,5913,2,
6/10/15,1.00,8063,4,0,0,8063,4,
6/11/15,1.00,7960,4,0,0,7960,4,
6/12/15,1.00,12007,8,0,0,12007,8,
6/13/15,1.00,16081,13,0,0,16081,13,
6/14/15,1.00,13093,13,1247,1,14340,14,
6/15/15,1.00,16100,20,0,0,16100,20,
6/16/15,1.00,15826,24,780,1,16606,25,
6/17/15,1.00,18246,34,0,0,18246,34,
6/18/15,1.00,22822,52,0,0,22822,52,
6/19/15,1.00,25037,70,1951,5,26988,75,
6/20/15,1.00,15131,52,0,0,15131,52,
6/21/15,1.00,19958,84,2310,10,22268,94,
6/22/15,0.99,32235,166,0,0,32235,166,
6/23/15,0.99,39255,248,0,0,39255,248,
6/24/15,0.99,35846,278,0,0,35846,278,
6/25/15,0.99,5392,51,0,0,5392,51,
6/26/15,0.99,2580,30,27458,320,30038,350,
6/27/15,0.99,1391,20,22153,316,23544,336,
6/28/15,0.98,2072,36,32815,574,34887,610,
6/29/15,0.98,2158,46,33619,721,35777,767,
6/30/15,0.97,5818,153,31886,838,37704,991,
7/1/15,0.97,10446,337,13987,451,24433,788,
7/2/15,0.96,2834,112,1110,44,3944,156,
7/3/15,0.95,870,42,22508,1090,23378,1132,
7/4/15,0.94,4844,288,19328,1148,24172,1436,
7/5/15,0.93,13923,1014,5668,413,19591,1427,
7/6/15,0.92,27749,2476,10407,929,38156,3405,
7/7/15,0.90,10502,1149,9189,1005,19691,2154,
7/8/15,0.88,3858,517,0,0,3858,517,
7/9/15,0.86,1590,262,16783,2759,18373,3021,
7/10/15,0.83,1716,346,23479,4733,25195,5079,
7/11/15,0.80,1265,313,36360,8985,37625,9298,
7/12/15,0.77,23085,6994,35775,10838,58860,17832,
7/13/15,0.73,41012,15232,43939,16319,84951,31551,
7/14/15,0.69,15131,6890,10719,4881,25850,11771,
7/15/15,0.64,3149,1757,12464,6957,15613,8714,
7/16/15,0.59,3841,2629,33405,22860,37246,25489,
7/17/15,0.54,2707,2271,39976,33537,42683,35808,
7/18/15,0.49,996,1025,17932,18443,18928,19468,
7/19/15,0.44,2335,2944,17787,22426,20122,25370,
7/20/15,0.39,989,1528,15038,23246,16027,24774,
7/21/15,0.35,1918,3635,12834,24322,14752,27957,
7/22/15,0.30,1088,2529,9862,22912,10950,25441,
7/23/15,0.26,5753,16386,19732,56199,25485,72585,
7/24/15,0.22,1505,5257,16345,57070,17850,62327,
7/25/15,0.19,453,1937,11770,50381,12223,52318,
7/26/15,0.16,2669,14006,9836,51617,12505,65623,
7/27/15,0.13,3122,20086,1950,12545,5072,32631,
7/28/15,0.11,2341,18464,2018,15918,4359,34382,
7/29/15,0.09,1775,17164,1914,18507,3689,35671,
7/30/15,0.08,466,5528,892,10569,1358,16097,
7/31/15,0.06,171,2480,599,8702,770,11182,
8/1/15,0.00,0,7364,1,22810,1,30174,
8/2/15,0.00,0,10594,0,19321,0,29915,
8/3/15,0.00,0,9250,0,38428,0,47678,
8/4/15,0.00,0,23332,0,62565,0,85897,
8/5/15,0.00,0,18561,0,26293,0,44854,
8/6/15,0.00,0,6123,0,6972,0,13095,
8/7/15,0.00,0,7733,0,8125,0,15858,
8/8/15,0.00,0,6840,0,20604,0,27444,
8/9/15,0.00,0,2765,0,28382,0,31147,
8/10/15,0.00,0,2029,0,21144,0,23173,
8/11/15,0.00,0,2803,0,30794,0,33597,
8/12/15,0.00,0,2923,0,17170,0,20093,
8/13/15,0.00,0,2822,0,39698,0,42520,
8/14/15,0.00,0,3294,0,17644,0,20938,
8/15/15,0.00,0,5123,0,27756,0,32879,
8/16/15,0.00,0,3312,0,25422,0,28734,
8/17/15,0.00,0,3134,0,15698,0,18832,
8/18/15,0.00,0,4832,0,20064,0,24896,
8/19/15,0.00,0,3294,0,11787,0,15081,
8/20/15,0.00,0,3417,0,15635,0,19052,
8/21/15,0.00,0,2471,0,16935,0,19406,
8/22/15,0.00,0,7809,0,6309,0,14118,
8/23/15,0.00,0,11880,0,5827,0,17707,
8/24/15,0.00,0,11838,0,5647,0,17485,
8/25/15,0.00,0,12803,0,5457,0,18260,
8/26/15,0.00,0,9436,0,0,0,9436,
8/27/15,0.00,0,11923,0,0,0,11923,
8/28/15,0.00,0,15786,0,0,0,15786,
8/29/15,0.00,0,14807,0,0,0,14807,
8/30/15,0.00,0,9907,0,0,0,9907,
8/31/15,0.00,0,13197,0,0,0,13197,
9/1/15,0.00,0,9949,0,0,0,9949,
9/2/15,0.00,0,15006,0,0,0,15006,
9/3/15,0.00,0,14943,0,0,0,14943,
9/4/15,0.00,0,11646,0,0,0,11646,
9/5/15,0.00,0,12875,0,0,0,12875,
9/6/15,0.00,0,7656,0,0,0,7656,
9/7/15,0.00,0,9504,0,0,0,9504,
9/8/15,0.00,0,9122,0,0,0,9122,
9/9/15,0.00,0,9498,0,0,0,9498,
9/10/15,0.00,0,8382,0,0,0,8382,
9/11/15,0.00,0,5628,0,0,0,5628,
9/12/15,0.00,0,5404,0,0,0,5404,
9/13/15,0.00,0,4698,0,0,0,4698,
9/14/15,0.00,0,4379,0,0,0,4379,
9/15/15,0.00,0,3295,0,0,0,3295,
9/16/15,0.00,0,7231,0,0,0,7231,
9/17/15,0.00,0,10374,0,0,0,10374,
9/18/15,0.00,0,10119,0,0,0,10119,
9/19/15,0.00,0,7004,0,0,0,7004,
9/20/15,0.00,0,5912,0,0,0,5912,
9/21/15,0.00,0,4543,0,0,0,4543,
9/22/15,0.00,0,2370,0,0,0,2370,
9/23/15,0.00,0,1862,0,0,0,1862,
5/23/16,1.00,338,0,0,0,338,0,
5/24/16,1.00,618,0,0,0,618,0,
5/25/16,1.00,636,0,0,0,636,0,
5/26/16,1.00,756,0,0,0,756,0,
5/27/16,1.00,624,0,0,0,624,0,
5/28/16,1.00,1308,0,0,0,1308,0,
5/29/16,1.00,2472,0,0,0,2472,0,
5/30/16,1.00,1800,0,0,0,1800,0,
5/31/16,1.00,1270,0,0,0,1270,0,
6/1/16,1.00,2177,1,0,0,2177,1,
6/2/16,1.00,9255,3,0,0,9255,3,
6/3/16,1.00,8759,3,0,0,8759,3,
6/4/16,1.00,4392,2,0,0,4392,2,
6/5/16,1.00,7642,4,1010,1,8652,5,
6/6/16,1.00,2233,2,7035,5,9269,6,
6/7/16,1.00,1802,2,8060,7,9863,8,
6/8/16,1.00,6333,7,7516,8,13850,14,
6/9/16,1.00,18901,24,3416,4,22316,29,
6/10/16,1.00,14221,23,157,0,14378,23,
6/11/16,1.00,4599,9,23315,46,27914,55,
6/12/16,1.00,2272,6,22915,56,25188,61,
6/13/16,1.00,2864,9,28007,84,30872,93,
6/14/16,1.00,3116,12,53219,197,56335,208,
6/15/16,1.00,24130,110,33145,151,57275,262,
6/16/16,0.99,7434,42,34680,196,42114,238,
6/17/16,0.99,5634,39,38282,267,43916,306,
6/18/16,0.99,1993,17,31520,271,33513,288,
6/19/16,0.99,5057,54,30400,323,35458,376,
6/20/16,0.99,4744,62,56063,735,60807,797,
6/21/16,0.98,22122,358,40545,656,62667,1014,
6/22/16,0.98,29348,587,3869,77,33217,664,
6/23/16,0.98,28305,698,9763,241,38068,939,
6/24/16,0.97,26402,804,26440,806,52841,1610,
6/25/16,0.96,8612,324,45305,1704,53917,2028,
6/26/16,0.96,5762,268,55319,2569,61081,2837,
6/27/16,0.95,6570,377,38652,2217,45222,2593,
6/28/16,0.93,16564,1173,23865,1690,40430,2863,
6/29/16,0.92,5655,494,34742,3037,40397,3532,
6/30/16,0.90,4724,510,45240,4884,49964,5393,
7/1/16,0.88,8494,1132,44279,5902,52773,7034,
7/2/16,0.86,13214,2175,22690,3734,35904,5909,
7/3/16,0.83,4192,852,18451,3749,22643,4601,
7/4/16,0.80,3482,874,27269,6841,30751,7715,
7/5/16,0.76,2527,783,22073,6837,24600,7620,
7/6/16,0.72,8465,3238,15553,5948,24018,9186,
7/7/16,0.68,16084,7596,6274,2963,22359,10558,
7/8/16,0.63,16316,9514,239,140,16556,9653,
7/9/16,0.58,10250,7379,1087,782,11337,8161,
7/10/16,0.53,3278,2914,14418,12816,17696,15730,
7/11/16,0.48,2766,3036,11343,12450,14110,15485,
7/12/16,0.42,2110,2860,12936,17530,15047,20389,
7/13/16,0.37,662,1108,15082,25233,15744,26341,
7/14/16,0.33,4532,9363,9803,20251,14335,29614,
7/15/16,0.28,5932,15129,8824,22506,14755,37636,
7/16/16,0.24,4359,13729,2553,8040,6912,21769,
7/17/16,0.20,1018,3960,1518,5902,2536,9862,
7/18/16,0.17,653,3133,4504,21623,5156,24757,
7/19/16,0.14,1578,9357,5444,32271,7022,41628,
7/20/16,0.12,2160,15808,6426,47037,8586,62845,
7/21/16,0.10,2368,21401,2466,22288,4834,43689,
7/22/16,0.08,978,10909,194,2168,1172,13077,
7/23/16,0.07,371,5112,1222,16835,1593,21947,
7/24/16,0.06,211,3596,1705,28998,1916,32594,
7/25/16,0.05,165,3473,1238,25999,1403,29472,
7/26/16,0.04,40,1038,1817,47116,1857,48154,
7/27/16,0.03,110,3511,2414,77309,2524,80820,
7/28/16,0.02,142,5632,2555,101025,2698,106656,
7/29/16,0.02,129,6302,698,34065,827,40367,
7/30/16,0.02,114,6843,129,7757,242,14601,
7/31/16,0.01,146,10832,0,0,146,10832,
8/1/16,0.00,0,16921,0,988,0,17909,
8/2/16,0.00,0,15117,0,0,0,15117,
8/3/16,0.00,0,7930,0,0,0,7930,
8/4/16,0.00,0,4301,0,9291,0,13592,
8/5/16,0.00,0,2424,0,20334,0,22758,
8/6/16,0.00,0,2479,0,11554,0,14033,
8/7/16,0.00,0,2184,0,11384,0,13568,
8/8/16,0.00,0,1914,0,6243,0,8157,
8/9/16,0.00,0,1419,0,11481,0,12900,
8/10/16,0.00,0,1657,0,9942,0,11599,
8/11/16,0.00,0,1969,0,8053,0,10022,
8/12/16,0.00,0,1913,0,8813,0,10726,
8/13/16,0.00,0,1917,0,9257,0,11174,
8/14/16,0.00,0,2978,0,3767,0,6745,
8/15/16,0.00,0,3026,0,3419,0,6445,
8/16/16,0.00,0,1302,0,6700,0,8002,
8/17/16,0.00,0,3250,0,3314,0,6564,
8/18/16,0.00,0,2955,0,1901,0,4856,
8/19/16,0.00,0,1540,0,3527,0,5067,
8/20/16,0.00,0,1661,0,1939,0,3600,
8/21/16,0.00,0,2032,0,4314,0,6346,
8/22/16,0.00,0,2091,0,6491,0,8582,
8/23/16,0.00,0,1814,0,4819,0,6633,
8/24/16,0.00,0,2376,0,3659,0,6035,
8/25/16,0.00,0,2137,0,4560,0,6697,
8/26/16,0.00,0,2956,0,2911,0,5867,
8/27/16,0.00,0,3491,0,4066,0,7557,
8/28/16,0.00,0,1869,0,2517,0,4386,
8/29/16,0.00,0,1825,0,2013,0,3838,
8/30/16,0.00,0,1180,0,2105,0,3285,
8/31/16,0.00,0,3258,0,2225,0,5483,
9/1/16,0.00,0,2607,0,1599,0,4206,
9/2/16,0.00,0,2946,0,135,0,3081,
9/3/16,0.00,0,3643,0,0,0,3643,
9/4/16,0.00,0,1785,0,0,0,1785,
9/5/16,0.00,0,3099,0,0,0,3099,
9/6/16,0.00,0,3600,0,0,0,3600,
9/7/16,0.00,0,2989,0,0,0,2989,
9/8/16,0.00,0,2507,0,0,0,2507,
9/9/16,0.00,0,780,0,0,0,780,
9/10/16,0.00,0,2872,0,0,0,2872,
9/11/16,0.00,0,3001,0,0,0,3001,
9/12/16,0.00,0,1800,0,0,0,1800,
9/13/16,0.00,0,2361,0,0,0,2361,
9/14/16,0.00,0,1252,0,0,0,1252,
9/15/16,0.00,0,1602,0,0,0,1602,
9/16/16,0.00,0,1860,0,0,0,1860,
9/17/16,0.00,0,2419,0,0,0,2419,
9/18/16,0.00,0,1590,0,0,0,1590,
9/19/16,0.00,0,2194,0,0,0,2194,
9/20/16,0.00,0,1599,0,0,0,1599,
9/21/16,0.00,0,672,0,0,0,672,
9/22/16,0.00,0,796,0,0,0,796,
9/23/16,0.00,0,947,0,0,0,947,
9/24/16,0.00,0,793,0,0,0,793,
9/25/16,0.00,0,664,0,0,0,664,
9/26/16,0.00,0,555,0,0,0,555,
9/27/16,0.00,0,465,0,0,0,465,
9/28/16,0.00,0,389,0,0,0,389,
9/29/16,0.00,0,326,0,0,0,326,
9/30/16,0.00,0,273,0,0,0,273,
6/2/17,1.00,4467,9,0,0,4467,9,
6/3/17,1.00,4098,10,0,0,4098,10,
6/4/17,1.00,2388,7,0,0,2388,7,
6/5/17,1.00,10855,36,0,0,10855,36,
6/6/17,1.00,10531,40,0,0,10531,40,
6/7/17,1.00,14426,64,0,0,14426,64,
6/8/17,0.99,15493,80,0,0,15493,80,
6/9/17,0.99,11833,71,0,0,11833,71,
6/10/17,0.99,8281,57,0,0,8281,57,
6/11/17,0.99,9923,80,31382,253,41306,332,
6/12/17,0.99,9044,85,23761,222,32805,307,
6/13/17,0.99,5051,55,29430,320,34481,375,
6/14/17,0.99,2292,29,37779,477,40071,506,
6/15/17,0.99,6002,88,43013,631,49015,719,
6/16/17,0.98,5323,91,42332,721,47655,812,
6/17/17,0.98,12699,251,23840,472,36539,723,
6/18/17,0.98,16655,383,10799,248,27454,631,
6/19/17,0.97,23714,634,13146,351,36861,985,
6/20/17,0.97,12791,397,69752,2165,82543,2562,
6/21/17,0.97,3633,131,42709,1540,46342,1671,
6/22/17,0.96,4316,181,25596,1072,29912,1253,
6/23/17,0.95,5025,245,35704,1738,40729,1982,
6/24/17,0.95,12571,711,25485,1441,38056,2152,
6/25/17,0.94,8457,556,20201,1327,28658,1883,
6/26/17,0.93,22092,1686,21272,1624,43363,3310,
6/27/17,0.92,17783,1577,1027,91,18810,1668,
6/28/17,0.91,13014,1341,0,0,13014,1341,
6/29/17,0.89,21461,2569,32096,3842,53557,6411,
6/30/17,0.88,22642,3149,7901,1099,30543,4248,
7/1/17,0.86,20775,3357,0,0,20775,3357,
7/2/17,0.84,19851,3726,23127,4342,42978,8068,
7/3/17,0.82,3694,806,19433,4238,23127,5044,
7/4/17,0.80,2628,666,13223,3351,15851,4017,
7/5/17,0.77,2369,697,17477,5145,19846,5842,
7/6/17,0.75,2010,687,14413,4930,16423,5617,
7/7/17,0.72,481,191,12561,4992,13042,5183,
7/8/17,0.68,740,342,12123,5597,12863,5939,
7/9/17,0.65,2794,1498,7542,4046,10336,5544,
7/10/17,0.62,12786,7968,1640,1022,14426,8990,
7/11/17,0.58,6590,4772,2680,1941,9271,6712,
7/12/17,0.54,8492,7144,1,0,8493,7144,
7/13/17,0.51,7870,7691,0,0,7870,7691,
7/14/17,0.47,7448,8457,906,1029,8354,9486,
7/15/17,0.43,6238,8230,221,292,6460,8521,
7/16/17,0.39,7371,11297,0,0,7371,11297,
7/17/17,0.36,1994,3550,4834,8608,6828,12158,
7/18/17,0.33,1214,2512,4778,9884,5992,12396,
7/19/17,0.29,2130,5119,8016,19266,10145,24386,
7/20/17,0.26,2197,6137,8338,23283,10535,29420,
7/21/17,0.24,2910,9440,4601,14927,7511,24367,
7/22/17,0.21,2712,10221,724,2729,3436,12950,
7/23/17,0.19,2248,9844,6,24,2253,9869,
7/24/17,0.16,1633,8309,527,2680,2160,10989,
7/25/17,0.14,1180,6974,951,5622,2131,12596,
7/26/17,0.13,1607,11036,100,686,1707,11722,
7/27/17,0.11,1326,10577,0,0,1326,10577,
7/28/17,0.10,874,8104,0,0,874,8104,
7/29/17,0.08,818,8810,0,0,818,8810,
7/30/17,0.07,835,10452,0,0,835,10452,
7/31/17,0.06,582,8466,50,720,632,9186,
8/1/17,0.00,0,7551,0,385,0,7936,
8/2/17,0.00,0,8968,0,975,0,9943,
8/3/17,0.00,0,4380,0,6666,0,11046,
8/4/17,0.00,0,2547,0,4155,0,6702,
8/5/17,0.00,0,3510,0,13669,0,17179,
8/6/17,0.00,0,5931,0,26713,0,32644,
8/7/17,0.00,0,8162,0,23890,0,32052,
8/8/17,0.00,0,7482,0,7003,0,14485,
8/9/17,0.00,0,5122,0,2562,0,7684,
8/10/17,0.00,0,1897,0,7745,0,9642,
8/11/17,0.00,0,2430,0,9988,0,12418,
8/12/17,0.00,0,2642,0,11589,0,14231,
8/13/17,0.00,0,5342,0,8329,0,13671,
8/14/17,0.00,0,4404,0,7239,1,11642,
8/15/17,0.00,0,2520,0,3207,0,5727,
8/16/17,0.00,0,2418,0,2797,0,5215,
8/17/17,0.00,0,3027,0,7708,0,10735,
8/18/17,0.00,0,2828,0,10247,0,13075,
8/19/17,0.00,0,2562,0,6073,0,8635,
8/20/17,0.00,0,2529,0,6101,0,8630,
8/21/17,0.00,0,2482,0,4592,0,7074,
8/22/17,0.00,0,1560,0,6273,0,7833,
8/23/17,0.00,0,1998,0,5630,0,7628,
8/24/17,0.00,0,2610,0,2876,0,5486,
8/25/17,0.00,0,834,0,1920,0,2754,
8/26/17,0.00,0,2616,0,2656,0,5272,
8/27/17,0.00,0,2610,0,2908,0,5518,
8/28/17,0.00,0,1894,0,839,0,2733,
8/29/17,0.00,0,2812,0,2345,0,5157,
8/30/17,0.00,0,2690,0,5166,0,7856,
8/31/17,0.00,0,3257,0,3877,0,7134,
9/1/17,0.00,0,2239,0,5042,0,7281,
9/2/17,0.00,0,2263,0,2484,0,4747,
9/3/17,0.00,0,1405,0,1172,0,2577,
9/4/17,0.00,0,774,0,15,0,789,
9/5/17,0.00,0,1021,0,0,0,1021,
9/6/17,0.00,0,764,0,0,0,764,
9/7/17,0.00,0,620,0,0,0,620,
9/8/17,0.00,0,702,0,0,0,702,
9/9/17,0.00,0,776,0,0,0,776,
9/10/17,0.00,0,756,0,0,0,756,
9/11/17,0.00,0,721,0,0,0,721,
9/12/17,0.00,0,723,0,0,0,723,
9/13/17,0.00,0,738,0,0,0,738,
9/14/17,0.00,0,740,0,0,0,740,
9/15/17,0.00,0,734,0,0,0,734,
9/16/17,0.00,0,732,0,0,0,732,
9/17/17,0.00,0,734,0,0,0,734,
9/18/17,0.00,0,736,0,0,0,736,
9/19/17,0.00,0,735,0,0,0,735,
9/20/17,0.00,0,734,0,0,0,734,
9/21/17,0.00,0,734,0,0,0,734,
9/22/17,0.00,0,735,0,0,0,735,
9/23/17,0.00,0,735,0,0,0,735,
9/24/17,0.00,0,735,0,0,0,735,
9/25/17,0.00,0,735,0,0,0,735,
9/26/17,0.00,0,735,0,0,0,735,
9/27/17,0.00,0,735,0,0,0,735,
9/28/17,0.00,0,735,0,0,0,735,
9/29/17,0.00,0,735,0,0,0,735,
9/30/17,0.00,0,735,0,0,0,735,
