Date,Propotionearly,Earlyesc,Lateesc,Earlycatch,Latecatch,Earlytotal,Latetotal,Lagoon,Chignik_Hook_Kujulik,Kumlik,Eastern,P.ville,Western,90% Igvak,80% SEDM
5/30/06,1.00,30,0,0,0,30,0,0,0,0,0,0,0,0,0
5/31/06,1.00,71,0,0,0,71,0,0,0,0,0,0,0,0,0
6/1/06,1.00,548,0,0,0,548,0,0,0,0,0,0,0,0,0
6/2/06,1.00,619,0,0,0,619,0,0,0,0,0,0,0,0,0
6/3/06,1.00,413,0,0,0,413,0,0,0,0,0,0,0,0,0
6/4/06,1.00,359,0,0,0,359,0,0,0,0,0,0,0,0,0
6/5/06,1.00,608,1,0,0,608,1,0,0,0,0,0,0,0,0
6/6/06,1.00,899,1,0,0,899,1,0,0,0,0,0,0,0,0
6/7/06,1.00,922,1,0,0,922,1,0,0,0,0,0,0,0,0
6/8/06,1.00,192,0,498,1,690,1,0,0,0,0,0,0,0,0
6/9/06,1.00,11920,22,0,0,11920,22,499,0,0,0,0,0,0,0
6/10/06,1.00,4908,11,571,1,5479,12,0,0,0,0,0,0,0,0
6/11/06,1.00,3758,10,0,0,3758,10,572,0,0,0,0,0,0,0
6/12/06,1.00,9354,30,1396,4,10750,34,0,0,0,0,0,0,0,0
6/13/06,1.00,16533,63,1897,7,18430,70,1400,0,0,0,0,0,0,0
6/14/06,1.00,21741,99,16381,75,38122,174,1904,0,0,0,0,0,0,0
6/15/06,0.99,13224,72,33415,182,46639,254,16456,0,0,0,0,0,0,0
6/16/06,0.99,10275,67,22590,148,32865,215,33597,0,0,0,0,0,0,0
6/17/06,0.99,8823,69,26031,204,34854,273,22738,0,0,0,0,0,0,0
6/18/06,0.99,5255,49,3804,36,9059,85,25574,661,0,0,0,0,0,0
6/19/06,0.99,16548,186,2779,31,19326,218,0,3461,0,379,0,0,0,0
6/20/06,0.99,25095,339,0,0,25095,339,2266,0,0,544,0,0,0,0
6/21/06,0.98,21480,348,11255,182,32735,530,0,0,0,0,0,0,0,0
6/22/06,0.98,31070,603,11389,221,42459,824,0,0,0,0,0,0,11437.2,0
6/23/06,0.98,34974,813,0,0,34974,813,0,0,0,0,0,0,11610,0
6/24/06,0.97,40784,1137,0,0,40784,1137,0,0,0,0,0,0,0,0
6/25/06,0.97,26286,878,49279,1647,75565,2525,0,0,0,0,0,0,0,0
6/26/06,0.96,7691,308,30033,1203,37724,1511,50926,0,0,0,0,0,0,0
6/27/06,0.95,4832,232,31500,1513,36332,1745,31236,0,0,0,0,0,0,0
6/28/06,0.95,5487,316,23290,1340,28777,1656,27241,5772,0,0,0,0,0,0
6/29/06,0.94,2475,171,38604,2663,41079,2834,22775,0,0,1855,0,0,0,0
6/30/06,0.92,3821,316,35650,2948,39471,3264,27471,12413,1383,0,0,0,0,0
7/1/06,0.91,11097,1100,15897,1576,26994,2676,30007,8591,0,0,0,0,0,0
7/2/06,0.89,9609,1142,21001,2495,30610,3637,5248,12225,0,0,0,0,0,0
7/3/06,0.88,3147,448,18045,2570,21192,3018,21892,0,1604,0,0,0,0,0
7/4/06,0.85,2406,411,15914,2717,18320,3128,16233,4382,0,0,0,0,0,0
7/5/06,0.83,1346,276,15575,3188,16922,3463,15389,3242,0,0,0,0,0,0
7/6/06,0.80,2961,726,14941,3665,17902,4391,15718,1778,1267,0,0,0,0,0
7/7/06,0.77,4495,1322,5113,1503,9608,2825,14083,4523,0,0,0,0,0,0
7/8/06,0.74,11126,3921,7308,2576,18434,6497,0,5090,1526,0,0,0,0,0
7/9/06,0.70,4657,1968,13606,5749,18264,7716,9884,0,0,0,0,0,0,0
7/10/06,0.66,1721,871,4317,2187,6038,3058,18182,833,0,340,0,0,0,0
7/11/06,0.62,7444,4519,6414,3893,13858,8412,4525,1979,0,0,0,0,0,0
7/12/06,0.58,4372,3182,776,565,5149,3746,9661,0,646,0,0,0,0,0
7/13/06,0.53,6501,5671,10233,8925,16734,14596,0,1341,0,0,0,0,0,0
7/14/06,0.49,4693,4906,13762,14389,18455,19295,15075,0,0,0,0,4083,0,0
7/15/06,0.44,1007,1261,7684,9630,8690,10892,14200,2055,0,0,0,11896,0,0
7/16/06,0.40,374,563,8116,12193,8491,12755,16576,738,0,0,0,0,0,0
7/17/06,0.36,252,455,6419,11558,6671,12013,15169,890,0,0,0,4250,0,0
7/18/06,0.32,81,176,4540,9801,4622,9976,10305,3320,0,0,0,4352,0,0
7/19/06,0.28,5265,13623,19,50,5284,13673,6236,1130,1524,0,0,5451,0,0
7/20/06,0.24,3724,11549,0,0,3724,11549,69,0,0,0,0,0,0,0
7/21/06,0.21,3861,14356,4079,15165,7941,29520,0,0,0,0,0,0,0,0
7/22/06,0.18,1943,8660,7013,31252,8956,39912,19244,0,0,0,0,0,0,0
7/23/06,0.16,1011,5399,4804,25663,5815,31062,26068,1802,0,0,0,10395,0,0
7/24/06,0.14,650,4164,2989,19135,3639,23299,19309,28,0,0,0,11130,0,0
7/25/06,0.12,580,4450,4892,37548,5472,41998,16903,1977,0,0,0,3244,0,0
7/26/06,0.10,328,3019,6233,57348,6562,60367,11296,2690,2116,0,0,1165,2633.4,22540
7/27/06,0.08,348,3833,2282,25163,2629,28997,20084,1450,0,0,0,434,2143.8,39470
7/28/06,0.07,368,4869,1366,18054,1734,22923,19751,1961,650,0,0,0,5083.2,0
7/29/06,0.06,391,6197,511,8094,902,14291,14070,534,0,0,0,1314,3501.9,0
7/30/06,0.05,587,11145,187,3554,774,14699,0,1377,463,0,0,2586,4178.7,0
7/31/06,0.04,295,6718,393,8947,688,15665,0,0,416,0,0,2079,1245.6,0
8/1/06,0.04,108,2943,0,0,108,2943,9340,0,0,0,0,0,0,0
8/2/06,0.03,182,5937,0,0,182,5937,0,0,0,0,0,0,0,0
8/3/06,0.02,328,12870,0,0,328,12870,0,0,0,0,0,0,0,0
8/4/06,0.02,340,15983,0,0,340,15983,0,0,0,0,0,0,0,0
8/5/06,0.02,93,5213,160,8998,252,14212,0,0,0,0,0,0,0,0
8/6/06,0.01,36,2423,83,5630,119,8053,9158,0,0,0,0,0,0,0
8/7/06,0.01,15,1241,83,6703,98,7944,5196,517,0,0,0,0,0,0
8/8/06,0.01,20,1910,82,7917,101,9828,6114,519,153,0,0,0,0,0
8/9/06,0.01,17,2028,53,6210,71,8237,3701,353,0,0,0,3945,0,0
8/10/06,0.01,11,1504,40,5632,51,7136,4107,0,0,0,0,2156,0,0
8/11/06,0.01,22,3631,22,3724,44,7355,5273,0,0,0,0,399,0,0
8/12/06,0.00,15,3046,12,2456,27,5502,2849,650,0,0,0,247,0,0
8/13/06,0.00,10,2356,6,1409,16,3765,1427,788,86,0,0,167,0,0
8/14/06,0.00,20,5709,9,2717,29,8426,1280,0,135,0,0,0,0,0
8/15/06,0.00,8,2722,9,2944,16,5667,2129,320,0,0,0,277,0,0
8/16/06,0.00,3,1382,6,2596,10,3977,2458,495,0,0,0,0,0,0
8/17/06,0.00,8,3863,6,3143,14,7006,2602,0,0,0,0,0,0,0
8/18/06,0.00,5,2856,2,1122,7,3978,1984,1165,0,0,0,0,0,0
8/19/06,0.00,4,2586,3,1910,6,4497,1124,0,0,0,0,0,0,0
8/20/06,0.00,4,3461,1,1173,5,4634,1913,0,0,0,0,0,0,0
8/21/06,0.00,2,2245,1,1472,4,3716,1174,0,0,0,0,0,0,0
8/22/06,0.00,2,2468,2,2639,4,5107,1473,0,0,0,0,0,0,0
8/23/06,0.00,1,1158,1,1584,2,2742,2641,0,0,0,0,0,0,0
8/24/06,0.00,3,4659,1,1471,3,6131,1585,0,0,0,0,0,0,0
8/25/06,0.00,1,1628,1,1343,1,2972,1472,0,0,0,0,0,0,0
8/26/06,0.00,1,3537,0,845,2,4381,1344,0,0,0,0,0,0,0
8/27/06,0.00,1,2660,1,2502,2,5162,592,0,253,0,0,0,0,0
8/28/06,0.00,1,1855,0,1120,1,2975,2503,0,0,0,0,0,0,0
8/29/06,0.00,0,1193,0,2222,0,3415,1120,0,0,0,0,0,0,0
8/30/06,0.00,0,2357,0,0,0,2357,2222,0,0,0,0,0,0,0
8/31/06,0.00,0,3189,0,136,0,3325,0,0,0,0,0,0,0,0
9/1/06,0.00,0,4906,0,0,0,4906,136,0,0,0,0,0,0,0
9/2/06,0.00,0,3234,0,0,0,3234,0,0,0,0,0,0,0,0
9/3/06,0.00,0,3230,0,0,0,3230,0,0,0,0,0,0,0,0
9/4/06,0.00,0,3098,0,0,0,3098,0,0,0,0,0,0,0,0
9/5/06,0.00,0,2938,0,0,0,2938,0,0,0,0,0,0,0,0
9/6/06,0.00,0,2806,0,0,0,2806,0,0,0,0,0,0,0,0
9/7/06,0.00,0,2668,0,0,0,2668,0,0,0,0,0,0,0,0
9/8/06,0.00,0,2544,0,0,0,2544,0,0,0,0,0,0,0,0
9/9/06,0.00,0,2422,0,0,0,2422,0,0,0,0,0,0,0,0
9/10/06,0.00,0,2308,0,0,0,2308,0,0,0,0,0,0,0,0
9/11/06,0.00,0,2197,0,0,0,2197,0,0,0,0,0,0,0,0
9/12/06,0.00,0,2094,0,0,0,2094,0,0,0,0,0,0,0,0
9/13/06,0.00,0,1994,0,0,0,1994,0,0,0,0,0,0,0,0
9/14/06,0.00,0,1899,0,0,0,1899,0,0,0,0,0,0,0,0
9/15/06,0.00,0,1809,0,0,0,1809,0,0,0,0,0,0,0,0
9/16/06,0.00,0,1723,0,0,0,1723,0,0,0,0,0,0,0,0
9/17/06,0.00,0,1641,0,0,0,1641,0,0,0,0,0,0,0,0
9/18/06,0.00,0,1563,0,0,0,1563,0,0,0,0,0,0,0,0
9/19/06,0.00,0,1489,0,0,0,1489,0,0,0,0,0,0,0,0
9/20/06,0.00,0,1418,0,0,0,1418,0,0,0,0,0,0,0,0
9/21/06,0.00,0,1351,0,0,0,1351,0,0,0,0,0,0,0,0
9/22/06,0.00,0,1287,0,0,0,1287,0,0,0,0,0,0,0,0
9/23/06,0.00,0,1226,0,0,0,1226,0,0,0,0,0,0,0,0
9/24/06,0.00,0,1168,0,0,0,1168,0,0,0,0,0,0,0,0
9/25/06,0.00,0,1112,0,0,0,1112,0,0,0,0,0,0,0,0
9/26/06,0.00,0,1059,0,0,0,1059,0,0,0,0,0,0,0,0
9/27/06,0.00,0,1009,0,0,0,1009,0,0,0,0,0,0,0,0
9/28/06,0.00,0,961,0,0,0,961,0,0,0,0,0,0,0,0
9/29/06,0.00,0,915,0,0,0,915,0,0,0,0,0,0,0,0
9/30/06,0.00,0,872,0,0,0,872,0,0,0,0,0,0,0,0
6/1/07,1.00,42,0,0,0,42,0,0,0,0,0,0,0,0,0
6/2/07,1.00,72,0,0,0,72,0,0,0,0,0,0,0,0,0
6/3/07,1.00,1590,0,0,0,1590,0,0,0,0,0,0,0,0,0
6/4/07,1.00,1388,0,0,0,1388,0,0,0,0,0,0,0,0,0
6/5/07,1.00,882,0,0,0,882,0,0,0,0,0,0,0,0,0
6/6/07,1.00,1017,0,0,0,1017,0,0,0,0,0,0,0,0,0
6/7/07,1.00,4875,2,0,0,4875,2,0,0,0,0,0,0,0,0
6/8/07,1.00,6003,3,0,0,6003,3,0,0,0,0,0,0,0,0
6/9/07,1.00,3124,2,0,0,3124,2,0,0,0,0,0,0,0,0
6/10/07,1.00,5867,6,165,0,6032,6,165,0,0,0,0,0,0,0
6/11/07,1.00,4876,6,0,0,4876,6,0,0,0,0,0,0,0,0
6/12/07,1.00,6919,11,451,1,7370,12,452,0,0,0,0,0,0,0
6/13/07,1.00,20784,44,0,0,20784,44,0,0,0,0,0,0,0,0
6/14/07,1.00,28461,78,1104,3,29565,81,1107,0,0,0,0,0,0,0
6/15/07,1.00,16328,59,924,3,17252,62,927,0,0,0,0,0,0,0
6/16/07,1.00,8942,42,18227,85,27169,127,18312,0,0,0,0,0,0,0
6/17/07,0.99,6566,40,14986,91,21552,131,13819,1258,0,0,0,0,0,0
6/18/07,0.99,12741,101,9081,72,21822,173,9153,0,0,0,0,0,0,0
6/19/07,0.99,22607,234,3320,34,25927,268,0,3354,0,0,0,0,0,0
6/20/07,0.99,18108,244,1269,17,19377,261,1286,0,0,0,0,0,0,0
6/21/07,0.98,26295,462,0,0,26295,462,0,0,0,0,0,0,0,0
6/22/07,0.98,22147,508,0,0,22147,508,0,0,0,0,0,0,0,0
6/23/07,0.97,22123,661,1180,35,23303,696,1215,0,0,0,0,0,0,0
6/24/07,0.96,23354,910,0,0,23354,910,0,0,0,0,0,0,0,0
6/25/07,0.95,12124,616,29580,1502,41704,2118,0,0,0,0,0,0,31082,0
6/26/07,0.94,8732,578,38690,2561,47422,3139,19807,0,0,0,0,0,21444,0
6/27/07,0.92,10873,938,17648,1523,28521,2461,18448,723,0,0,0,0,0,0
6/28/07,0.90,20933,2355,2024,228,22958,2582,0,2252,0,0,0,0,0,0
6/29/07,0.87,12246,1796,5917,868,18164,2663,6055,0,0,730,0,0,0,0
6/30/07,0.84,2859,546,13804,2639,16663,3185,13276,0,0,3167,0,0,0,0
7/1/07,0.80,1408,351,11688,2912,13096,3263,12007,2593,0,0,0,0,0,0
7/2/07,0.75,5622,1826,12236,3974,17858,5800,10434,3675,0,2101,0,0,0,0
7/3/07,0.70,3450,1461,11925,5049,15375,6510,8101,3871,0,5002,0,0,0,0
7/4/07,0.64,2483,1370,9855,5439,12337,6810,10932,2732,0,1630,0,0,0,0
7/5/07,0.58,1176,846,14562,10477,15738,11323,17313,1677,107,5942,0,0,0,0
7/6/07,0.52,1789,1677,10586,9928,12374,11606,13677,3722,0,3115,0,0,0,0
7/7/07,0.45,4072,4978,4265,5215,8337,10193,4208,2629,0,2643,0,0,0,0
7/8/07,0.39,7100,11316,1643,2619,8743,13935,0,2087,0,2175,0,0,0,0
7/9/07,0.32,4415,9172,1097,2280,5512,11452,0,0,0,3377,0,0,0,0
7/10/07,0.27,3729,10101,3763,10191,7492,20292,13954,0,0,0,0,0,0,0
7/11/07,0.22,588,2076,4331,15291,4919,17367,17814,1808,0,0,0,0,0,0
7/12/07,0.18,649,2987,4134,19026,4783,22013,16810,641,102,0,0,5607,0,0
7/13/07,0.14,134,801,3155,18931,3289,19732,14590,3665,0,0,0,3831,0,0
7/14/07,0.11,201,1572,2710,21193,2911,22765,15006,1120,344,0,0,7433,0,0
7/15/07,0.09,114,1160,2831,28862,2945,30022,18337,1987,96,0,0,11273,0,0
7/16/07,0.07,219,2910,1993,26492,2212,29402,16321,6542,0,0,0,5622,0,0
7/17/07,0.05,135,2346,2123,36775,2258,39121,14443,7525,309,0,0,16621,0,0
7/18/07,0.04,768,17346,609,13751,1377,31097,0,5063,0,0,0,9297,0,0
7/19/07,0.03,870,25613,2,69,872,25682,0,0,71,0,0,0,0,0
7/20/07,0.03,793,30422,0,0,793,30422,0,0,0,0,0,0,0,0
7/21/07,0.02,146,7291,306,15299,452,22590,15605,0,0,0,0,0,0,0
7/22/07,0.02,32,2118,269,17570,302,19687,15546,2293,0,0,0,0,0,0
7/23/07,0.01,29,2456,292,24807,321,27263,16655,6902,96,0,0,1446,0,0
7/24/07,0.01,42,4705,277,30702,320,35406,19882,9097,0,0,0,2000,0,0
7/25/07,0.01,22,3242,171,24702,193,27944,12355,9286,15,0,0,3217,0,0
7/26/07,0.01,16,3002,123,23068,138,26071,10545,8117,52,0,0,4477,0,0
7/27/07,0.00,11,2781,65,15893,76,18674,10738,2113,82,0,0,3025,0,0
7/28/07,0.00,9,2809,62,19839,71,22648,11121,2709,0,0,0,6071,0,0
7/29/07,0.00,10,4292,48,19844,58,24136,10130,4880,498,0,0,4384,0,0
7/30/07,0.00,4,2075,23,12553,27,14628,7120,1870,561,0,0,3025,0,0
7/31/07,0.00,4,3101,16,11502,21,14602,6343,2632,43,0,219,2281,0,0
8/1/07,0.00,2,1687,12,11332,14,13019,5809,2850,0,0,0,2685,0,0
8/2/07,0.00,3,3475,13,16149,16,19624,5647,3974,0,0,0,6541,0,0
8/3/07,0.00,1,1710,11,17853,12,19563,6268,2265,0,0,376,8955,0,0
8/4/07,0.00,1,2660,4,8132,5,10792,5985,1380,0,0,221,550,0,0
8/5/07,0.00,1,3157,4,10598,5,13755,6153,2799,0,0,0,1650,0,0
8/6/07,0.00,1,3178,3,8979,3,12158,6360,1798,16,0,0,808,0,0
8/7/07,0.00,0,1677,2,9181,2,10858,6172,1816,0,0,0,1195,0,0
8/8/07,0.00,0,2674,1,4935,1,7609,3401,918,25,0,0,592,0,0
8/9/07,0.00,0,1837,1,5192,1,7029,3584,807,0,0,0,802,0,0
8/10/07,0.00,0,1176,0,4068,1,5243,2378,1124,61,0,0,505,0,0
8/11/07,0.00,0,2764,0,3750,0,6514,2975,409,0,0,0,366,0,0
8/12/07,0.00,0,2103,0,3748,0,5851,1883,1556,0,0,0,309,0,0
8/13/07,0.00,0,3317,0,2595,0,5912,0,2156,0,0,0,439,0,0
8/14/07,0.00,0,2739,0,961,0,3700,511,0,0,0,0,450,0,0
8/15/07,0.00,0,2163,0,2532,0,4695,2532,0,0,0,0,0,0,0
8/16/07,0.00,0,2094,0,2684,0,4778,2302,382,0,0,0,0,0,0
8/17/07,0.00,0,3992,0,4381,0,8373,2952,669,0,0,0,760,0,0
8/18/07,0.00,0,2914,0,3183,0,6097,1865,758,0,0,0,560,0,0
8/19/07,0.00,0,3573,0,2427,0,6000,1947,113,0,0,0,367,0,0
8/20/07,0.00,0,1661,0,2391,0,4052,1939,365,0,0,0,87,0,0
8/21/07,0.00,0,1296,0,2726,0,4022,2096,586,24,0,0,20,0,0
8/22/07,0.00,0,1324,0,2019,0,3343,1643,376,0,0,0,0,0,0
8/23/07,0.00,0,1992,0,2343,0,4335,1798,0,0,0,0,545,0,0
8/24/07,0.00,0,2934,0,2533,0,5467,1629,384,0,0,0,520,0,0
8/25/07,0.00,0,1864,0,3002,0,4866,2746,0,0,0,0,256,0,0
8/26/07,0.00,0,3145,0,2359,0,5504,2198,0,0,0,0,161,0,0
8/27/07,0.00,0,3699,0,1481,0,5180,1145,0,0,0,0,336,0,0
8/28/07,0.00,0,2472,0,2502,0,4974,2090,0,0,0,0,412,0,0
8/29/07,0.00,0,2378,0,2165,0,4543,2157,8,0,0,0,0,0,0
8/30/07,0.00,0,1607,0,1626,0,3233,1517,101,0,0,0,8,0,0
8/31/07,0.00,0,1790,0,1888,0,3678,1885,3,0,0,0,0,0,0
9/1/07,0.00,0,2484,0,2363,0,4847,2363,0,0,0,0,0,0,0
9/2/07,0.00,0,1499,0,1730,0,3229,1730,0,0,0,0,0,0,0
9/3/07,0.00,0,1612,0,2191,0,3803,2191,0,0,0,0,0,0,0
9/4/07,0.00,0,1210,0,2129,0,3339,2129,0,0,0,0,0,0,0
9/5/07,0.00,0,2480,0,451,0,2931,451,0,0,0,0,0,0,0
9/6/07,0.00,0,1575,0,998,0,2573,998,0,0,0,0,0,0,0
9/7/07,0.00,0,2259,0,0,0,2259,0,0,0,0,0,0,0,0
9/8/07,0.00,0,1983,0,0,0,1983,0,0,0,0,0,0,0,0
9/9/07,0.00,0,1741,0,0,0,1741,0,0,0,0,0,0,0,0
9/10/07,0.00,0,1529,0,0,0,1529,0,0,0,0,0,0,0,0
9/11/07,0.00,0,1342,0,0,0,1342,0,0,0,0,0,0,0,0
9/12/07,0.00,0,1178,0,0,0,1178,0,0,0,0,0,0,0,0
9/13/07,0.00,0,1034,0,0,0,1034,0,0,0,0,0,0,0,0
9/14/07,0.00,0,908,0,0,0,908,0,0,0,0,0,0,0,0
9/15/07,0.00,0,797,0,0,0,797,0,0,0,0,0,0,0,0
9/16/07,0.00,0,700,0,0,0,700,0,0,0,0,0,0,0,0
9/17/07,0.00,0,614,0,0,0,614,0,0,0,0,0,0,0,0
9/18/07,0.00,0,539,0,0,0,539,0,0,0,0,0,0,0,0
9/19/07,0.00,0,473,0,0,0,473,0,0,0,0,0,0,0,0
9/20/07,0.00,0,416,0,0,0,416,0,0,0,0,0,0,0,0
9/21/07,0.00,0,365,0,0,0,365,0,0,0,0,0,0,0,0
9/22/07,0.00,0,320,0,0,0,320,0,0,0,0,0,0,0,0
9/23/07,0.00,0,281,0,0,0,281,0,0,0,0,0,0,0,0
9/24/07,0.00,0,247,0,0,0,247,0,0,0,0,0,0,0,0
9/25/07,0.00,0,217,0,0,0,217,0,0,0,0,0,0,0,0
9/26/07,0.00,0,190,0,0,0,190,0,0,0,0,0,0,0,0
9/27/07,0.00,0,167,0,0,0,167,0,0,0,0,0,0,0,0
9/28/07,0.00,0,147,0,0,0,147,0,0,0,0,0,0,0,0
9/29/07,0.00,0,129,0,0,0,129,0,0,0,0,0,0,0,0
9/30/07,0.00,0,113,0,0,0,113,0,0,0,0,0,0,0,0
5/26/08,1.00,8,0,0,0,8,0,0,0,0,0,0,0,0,0
5/27/08,1.00,12,0,0,0,12,0,0,0,0,0,0,0,0,0
5/28/08,1.00,24,0,0,0,24,0,0,0,0,0,0,0,0,0
5/29/08,1.00,20,0,0,0,20,0,0,0,0,0,0,0,0,0
5/30/08,1.00,12,0,0,0,12,0,0,0,0,0,0,0,0,0
5/31/08,1.00,0,0,0,0,0,0,0,0,0,0,0,0,0,0
6/1/08,1.00,42,0,0,0,42,0,0,0,0,0,0,0,0,0
6/2/08,1.00,12,0,0,0,12,0,0,0,0,0,0,0,0,0
6/3/08,1.00,42,0,0,0,42,0,0,0,0,0,0,0,0,0
6/4/08,1.00,42,0,0,0,42,0,0,0,0,0,0,0,0,0
6/5/08,1.00,149,1,0,0,149,1,0,0,0,0,0,0,0,0
6/6/08,1.00,1013,4,0,0,1013,4,0,0,0,0,0,0,0,0
6/7/08,1.00,1179,6,0,0,1179,6,0,0,0,0,0,0,0,0
6/8/08,0.99,3434,21,0,0,3434,21,0,0,0,0,0,0,0,0
6/9/08,0.99,1396,10,0,0,1396,10,0,0,0,0,0,0,0,0
6/10/08,0.99,4702,40,210,2,4912,42,212,0,0,0,0,0,0,0
6/11/08,0.99,8899,91,0,0,8899,91,0,0,0,0,0,0,0,0
6/12/08,0.99,5460,67,0,0,5460,67,0,0,0,0,0,0,0,0
6/13/08,0.99,10316,151,335,5,10651,156,340,0,0,0,0,0,0,0
6/14/08,0.98,11880,208,0,0,11880,208,0,0,0,0,0,0,0,0
6/15/08,0.98,11853,248,0,0,11853,248,0,0,0,0,0,0,0,0
6/16/08,0.98,16956,425,0,0,16956,425,0,0,0,0,0,0,0,0
6/17/08,0.97,10201,306,711,21,10912,327,732,0,0,0,0,0,0,0
6/18/08,0.97,12581,451,0,0,12581,451,0,0,0,0,0,0,0,0
6/19/08,0.96,34415,1474,0,0,34415,1474,0,0,0,0,0,0,0,0
6/20/08,0.95,25881,1326,1528,78,27409,1404,1606,0,0,0,0,0,0,0
6/21/08,0.94,17508,1072,0,0,17508,1072,0,0,0,0,0,0,0,0
6/22/08,0.93,30057,2201,0,0,30057,2201,0,0,0,0,0,0,0,0
6/23/08,0.92,12421,1088,2093,183,14514,1271,2276,0,0,0,0,0,0,0
6/24/08,0.91,22637,2370,0,0,22637,2370,0,0,0,0,0,0,0,0
6/25/08,0.89,20337,2546,34449,4313,54786,6859,38762,0,0,0,0,0,0,0
6/26/08,0.87,11048,1654,15952,2388,27000,4042,11943,6397,0,0,0,0,0,0
6/27/08,0.85,7606,1361,24115,4316,31720,5678,25022,953,0,0,0,2456,0,0
6/28/08,0.82,7531,1612,42288,9050,49819,10662,34410,15891,0,0,0,1037,0,0
6/29/08,0.80,4070,1042,14519,3715,18589,4757,17789,445,0,0,0,0,0,0
6/30/08,0.77,2659,813,13996,4282,16654,5096,16610,1668,0,0,0,0,0,0
7/1/08,0.73,1740,637,16967,6207,18707,6844,13680,2467,0,0,0,7027,0,0
7/2/08,0.70,8125,3554,9710,4247,17835,7801,6741,2566,519,560,0,3571,0,0
7/3/08,0.66,8336,4360,4642,2428,12978,6788,0,740,0,0,0,6330,0,0
7/4/08,0.62,20817,13019,0,0,20817,13019,0,0,0,0,0,0,0,0
7/5/08,0.57,6384,4774,12958,9689,19342,14463,22646,0,0,0,1,0,0,0
7/6/08,0.53,4247,3797,15176,13568,19423,17365,20650,8094,0,0,0,0,0,0
7/7/08,0.48,1141,1219,11368,12153,12509,13372,15519,8002,0,0,0,0,0,0
7/8/08,0.44,2022,2585,9780,12501,11802,15086,19886,1325,0,0,0,1070,0,0
7/9/08,0.40,1771,2706,6792,10381,8563,13087,12436,973,0,0,0,3764,0,0
7/10/08,0.35,834,1524,6173,11281,7007,12805,8037,2652,0,0,0,6765,0,0
7/11/08,0.31,900,1965,2738,5984,3638,7949,5260,669,766,0,0,2027,0,0
7/12/08,0.28,1825,4769,215,560,2040,5329,0,232,0,0,0,543,0,0
7/13/08,0.24,3589,11213,42,132,3631,11345,0,0,174,0,0,0,0,0
7/14/08,0.21,2367,8839,0,0,2367,8839,0,0,0,0,0,0,0,0
7/15/08,0.18,1584,7077,0,0,1584,7077,0,0,0,0,0,0,0,0
7/16/08,0.16,1706,9111,0,0,1706,9111,0,0,0,0,0,0,0,0
7/17/08,0.14,2211,14115,0,0,2211,14115,0,0,0,0,0,0,0,0
7/18/08,0.12,1790,13667,0,0,1790,13667,0,0,0,0,0,0,0,0
7/19/08,0.10,1310,11958,409,3734,1719,15692,4143,0,0,0,0,0,0,0
7/20/08,0.08,527,5755,1128,12311,1655,18066,11875,1564,0,0,0,0,0,0
7/21/08,0.07,241,3150,656,8558,897,11708,7910,1079,225,0,0,0,0,0
7/22/08,0.06,176,2746,603,9402,779,12148,8807,673,525,0,0,0,0,0
7/23/08,0.05,122,2280,722,13475,844,15755,11729,1697,771,0,0,0,0,0
7/24/08,0.04,77,1724,691,15424,769,17147,11800,1429,890,0,0,1996,0,0
7/25/08,0.04,155,4145,433,11558,589,15702,9189,1814,0,84,0,904,0,0
7/26/08,0.03,222,7070,131,4167,352,11238,0,1592,0,0,0,2706,0,0
7/27/08,0.03,286,10916,70,2652,356,13568,0,0,479,0,0,2243,0,0
7/28/08,0.02,230,10494,0,0,230,10494,0,0,0,0,0,0,0,0
7/29/08,0.02,149,8120,0,0,149,8120,0,0,0,0,0,0,0,0
7/30/08,0.02,67,4381,122,7984,190,12364,8106,0,0,0,0,0,0,0
7/31/08,0.01,63,4904,112,8708,175,13612,7018,1802,0,0,0,0,0,0
8/1/08,0.01,63,5883,137,12795,200,18678,7465,853,0,0,0,4614,0,0
8/2/08,0.01,40,4460,84,9343,124,13803,6890,1132,0,95,268,1042,0,0
8/3/08,0.01,25,3371,50,6599,75,9970,4305,428,0,0,128,1788,0,0
8/4/08,0.01,19,3035,40,6448,60,9482,4479,928,0,4,104,973,0,0
8/5/08,0.01,18,3389,45,8506,62,11896,6016,1009,0,31,428,1067,0,0
8/6/08,0.00,17,3838,56,12824,73,16662,8139,1166,200,10,714,2651,0,0
8/7/08,0.00,10,2624,36,9709,45,12334,7142,950,0,0,1092,561,0,0
8/8/08,0.00,7,2291,23,7527,30,9818,3989,1042,0,1,1207,1311,0,0
8/9/08,0.00,5,2131,16,6160,21,8291,2710,623,0,5,1322,1516,0,0
8/10/08,0.00,9,4011,11,4931,19,8943,2132,1217,115,311,1167,0,0,0
8/11/08,0.00,7,3777,7,3849,14,7626,3100,566,190,0,0,0,0,0
8/12/08,0.00,5,3316,4,2830,9,6146,1976,580,0,278,0,0,0,0
8/13/08,0.00,4,3336,7,5482,11,8818,3189,667,0,4,0,1629,0,0
8/14/08,0.00,4,4011,5,4449,9,8460,3237,319,0,24,166,708,0,0
8/15/08,0.00,1,1637,6,6636,7,8273,5687,0,0,49,0,906,0,0
8/16/08,0.00,2,2342,5,7126,7,9468,6033,141,0,9,0,948,0,0
8/17/08,0.00,1,2129,4,6039,5,8168,5081,0,0,5,0,957,0,0
8/18/08,0.00,4,7856,3,6373,7,14229,4600,0,0,6,0,1770,0,0
8/19/08,0.00,2,3636,3,6680,4,10317,5619,0,0,206,0,858,0,0
8/20/08,0.00,1,2160,2,5087,3,7247,4455,0,0,597,0,37,0,0
8/21/08,0.00,1,2402,2,5780,2,8183,5782,0,0,0,0,0,0,0
8/22/08,0.00,1,2776,2,7917,3,10693,7830,0,0,0,0,89,0,0
8/23/08,0.00,1,2454,1,7070,2,9524,5479,414,97,0,0,1081,0,0
8/24/08,0.00,1,3272,1,4822,1,8095,4294,0,0,0,0,529,0,0
8/25/08,0.00,1,4304,1,4601,1,8906,4428,146,0,0,0,28,0,0
8/26/08,0.00,0,3515,0,2319,1,5833,2157,0,0,0,0,162,0,0
8/27/08,0.00,0,2054,0,3950,1,6003,3766,0,70,0,0,114,0,0
8/28/08,0.00,0,2723,1,5980,1,8703,5387,0,594,0,0,0,0,0
8/29/08,0.00,0,2255,0,6008,1,8262,5213,50,409,0,0,336,0,0
8/30/08,0.00,0,2070,0,3358,0,5428,3101,132,0,0,0,125,0,0
8/31/08,0.00,0,2343,0,4236,0,6579,4236,0,0,0,0,0,0,0
9/1/08,0.00,0,3123,0,1902,0,5025,1884,0,0,0,0,18,0,0
9/2/08,0.00,0,2136,0,2373,0,4509,2373,0,0,0,0,0,0,0
9/3/08,0.00,0,1240,0,2863,0,4103,2863,0,0,0,0,0,0,0
9/4/08,0.00,0,791,0,2942,0,3733,2942,0,0,0,0,0,0,0
9/5/08,0.00,0,4,0,3392,0,3396,3392,0,0,0,0,0,0,0
9/6/08,0.00,0,966,0,2124,0,3090,2124,0,0,0,0,0,0,0
9/7/08,0.00,0,2096,0,716,0,2812,716,0,0,0,0,0,0,0
9/8/08,0.00,0,1459,0,1099,0,2558,1099,0,0,0,0,0,0,0
9/9/08,0.00,0,1818,0,510,0,2328,510,0,0,0,0,0,0,0
9/10/08,0.00,0,216,0,1902,0,2118,1902,0,0,0,0,0,0,0
9/11/08,0.00,0,700,0,1227,0,1927,1227,0,0,0,0,0,0,0
9/12/08,0.00,0,5,0,1748,0,1753,1748,0,0,0,0,0,0,0
9/13/08,0.00,0,833,0,762,0,1595,762,0,0,0,0,0,0,0
9/14/08,0.00,0,1452,0,0,0,1452,0,0,0,0,0,0,0,0
9/15/08,0.00,0,1129,0,0,0,1129,0,0,0,0,0,0,0,0
9/16/08,0.00,0,961,0,192,0,1153,192,0,0,0,0,0,0,0
9/17/08,0.00,0,1093,0,241,0,1334,241,0,0,0,0,0,0,0
9/18/08,0.00,0,995,0,0,0,995,0,0,0,0,0,0,0,0
9/19/08,0.00,0,905,0,0,0,905,0,0,0,0,0,0,0,0
9/20/08,0.00,0,824,0,0,0,824,0,0,0,0,0,0,0,0
9/21/08,0.00,0,749,0,0,0,749,0,0,0,0,0,0,0,0
9/22/08,0.00,0,682,0,0,0,682,0,0,0,0,0,0,0,0
9/23/08,0.00,0,620,0,0,0,620,0,0,0,0,0,0,0,0
9/24/08,0.00,0,565,0,0,0,565,0,0,0,0,0,0,0,0
9/25/08,0.00,0,514,0,0,0,514,0,0,0,0,0,0,0,0
9/26/08,0.00,0,467,0,0,0,467,0,0,0,0,0,0,0,0
9/27/08,0.00,0,425,0,0,0,425,0,0,0,0,0,0,0,0
9/28/08,0.00,0,387,0,0,0,387,0,0,0,0,0,0,0,0
9/29/08,0.00,0,352,0,0,0,352,0,0,0,0,0,0,0,0
9/30/08,0.00,0,320,0,0,0,320,0,0,0,0,0,0,0,0
5/28/10,0.96,6,0,0,0,6,0,0,0,0,0,0,0,0,0
5/29/10,0.96,58,2,0,0,58,2,0,0,0,0,0,0,0,0
5/30/10,0.96,10,0,0,0,10,0,0,0,0,0,0,0,0,0
5/31/10,0.96,35,1,0,0,35,1,0,0,0,0,0,0,0,0
6/1/10,0.96,212,9,0,0,212,9,0,0,0,0,0,0,0,0
6/2/10,0.96,159,7,0,0,159,7,0,0,0,0,0,0,0,0
6/3/10,0.96,109,5,0,0,109,5,0,0,0,0,0,0,0,0
6/4/10,0.96,326,14,0,0,326,14,0,0,0,0,0,0,0,0
6/5/10,0.96,838,36,0,0,838,36,0,0,0,0,0,0,0,0
6/6/10,0.96,1125,48,0,0,1125,48,0,0,0,0,0,0,0,0
6/7/10,0.96,1802,77,0,0,1802,77,0,0,0,0,0,0,0,0
6/8/10,0.96,2900,124,0,0,2900,124,0,0,0,0,0,0,0,0
6/9/10,0.96,4674,200,0,0,4674,200,0,0,0,0,0,0,0,0
6/10/10,0.96,8389,359,0,0,8389,359,0,0,0,0,0,0,0,0
6/11/10,0.96,12966,554,0,0,12966,554,0,0,0,0,0,0,0,0
6/12/10,0.96,11445,489,731,31,12175,521,762,0,0,0,0,0,0,0
6/13/10,0.96,9261,396,0,0,9261,396,0,0,0,0,0,0,0,0
6/14/10,0.96,22363,956,861,37,23224,993,898,0,0,0,0,0,0,0
6/15/10,0.96,32450,1207,0,0,32450,1207,0,0,0,0,0,0,0,0
6/16/10,0.97,19594,621,4735,150,24329,771,4885,0,0,0,0,0,0,0
6/17/10,0.97,28949,760,3071,81,32020,841,3152,0,0,0,0,0,0,0
6/18/10,0.98,17986,375,27888,582,45874,957,28470,0,0,0,0,0,0,0
6/19/10,0.98,18064,281,40688,632,58752,913,31157,10163,0,0,0,0,0,0
6/20/10,0.99,23799,244,57900,594,81698,839,38255,20239,0,0,0,0,0,0
6/21/10,1.00,6442,32,47810,240,54251,273,32999,12336,0,0,0,2715,0,0
6/22/10,0.98,6291,107,43391,741,49681,849,31510,10042,0,2580,0,0,0,0
6/23/10,0.97,8018,236,33448,985,41466,1221,19181,14026,0,1226,0,0,0,0
6/24/10,0.96,3535,149,97087,4087,100622,4236,25255,12579,1060,4723,0,0,51616.8,5940.8
6/25/10,0.95,6556,361,93568,5153,100124,5514,29697,24103,0,8689,0,0,32192.1,4040
6/26/10,0.94,5963,408,45787,3131,51751,3538,25768,2081,7563,12087,0,1419,0,0
6/27/10,0.92,12773,1051,45703,3759,58476,4810,23901,13641,1617,7945,0,2358,0,0
6/28/10,0.90,8994,1013,14440,1627,23434,2640,8041,1498,2307,3334,0,887,0,0
6/29/10,0.87,10817,1567,14921,2161,25738,3727,0,9823,502,1230,0,0,0,5526.4
6/30/10,0.85,9339,1671,39034,6983,48373,8654,0,0,449,0,0,0,36501.3,9066.4
7/1/10,0.82,43745,9408,38977,8383,82722,17791,0,0,0,3919,0,0,38049.3,5391.2
7/2/10,0.81,36732,8380,0,0,36732,8380,0,0,0,0,0,0,0,0
7/3/10,0.81,16132,3895,33543,8099,49674,11995,41642,0,0,0,0,0,0,0
7/4/10,0.80,3693,942,29852,7615,33545,8557,20260,17207,0,0,0,0,0,0
7/5/10,0.79,7739,2082,33124,8911,40863,10993,22978,13360,5697,0,0,0,0,0
7/6/10,0.79,1754,475,26745,7239,28500,7713,21813,11103,1068,0,0,0,0,0
7/7/10,0.79,3673,1006,22431,6144,26104,7150,18571,1614,2727,5663,0,0,0,0
7/8/10,0.78,2114,582,29665,8173,31779,8755,18011,14972,2242,2613,0,0,0,0
7/9/10,0.78,1233,340,32993,9090,34226,9430,20443,10148,7036,4456,0,0,0,0
7/10/10,0.65,13455,7198,18672,9988,32127,17186,7204,16032,1827,3597,0,0,0,0
7/11/10,0.52,11250,10427,9347,8662,20597,19089,0,0,0,17767,0,242,0,0
7/12/10,0.42,7004,9607,8799,12069,15804,21675,19108,0,0,1760,0,0,0,0
7/13/10,0.32,1927,4014,8701,18127,10628,22141,25792,1036,0,0,0,0,0,0
7/14/10,0.23,1162,3958,7611,25917,8773,29875,18492,13967,0,0,0,1069,0,0
7/15/10,0.24,719,2235,8282,25731,9002,27966,19762,1251,5696,0,0,1876,0,5428.8
7/16/10,0.26,562,1598,12448,35428,13009,37026,24980,5266,0,0,0,3177,0,14452.8
7/17/10,0.28,138,362,8586,22466,8724,22828,18715,3136,1330,3243,328,4300,0,0
7/18/10,0.29,331,800,8010,19327,8341,20127,17571,3661,1401,2430,0,2274,0,0
7/19/10,0.29,204,493,8002,19310,8207,19802,4045,7766,4377,7634,0,3490,0,0
7/20/10,0.25,5214,15916,2501,7636,7715,23552,0,3492,3793,0,0,2852,0,0
7/21/10,0.20,3472,13843,995,3966,4466,17810,0,0,2894,1310,0,757,0,0
7/22/10,0.15,1340,7348,1434,7861,2774,15209,8549,0,0,746,0,0,0,0
7/23/10,0.11,313,2583,2275,18793,2588,21376,10100,437,0,0,0,0,7058.7,3472.8
7/24/10,0.06,233,3533,1205,18311,1438,21845,8172,2342,0,0,0,337,4174.2,4491.2
7/25/10,0.02,74,4695,397,25198,471,29893,9977,4409,237,0,0,6306,4665.6,0
7/26/10,0.00,0,6060,0,19289,0,25349,5751,5163,0,0,0,3592,1066.5,3716.8
7/27/10,0.00,0,8055,0,18584,0,26639,0,3481,939,1761,128,1676,0,10599.2
7/28/10,0.00,0,10638,0,8221,0,18859,0,0,0,682,0,134,967.5,6437.6
7/29/10,0.00,0,8066,0,7776,0,15842,0,0,0,1372,0,0,2546.1,3857.6
7/30/10,0.00,0,6751,0,18037,0,24788,11563,0,0,0,0,0,3628.8,2845.6
7/31/10,0.00,0,4129,0,18029,0,22158,11342,3961,0,0,0,0,2726.1,0
8/1/10,0.00,0,2349,0,11261,0,13610,5424,3440,0,0,0,2397,0,0
8/2/10,0.00,0,1343,0,12511,0,13854,7927,3263,0,57,0,1264,0,0
8/3/10,0.00,0,1314,0,10151,0,11465,5832,2855,0,1,49,1414,0,0
8/4/10,0.00,0,2616,0,13892,0,16508,4616,3950,0,1002,417,3907,0,0
8/5/10,0.00,0,2785,0,11878,0,14663,5359,2092,2054,0,626,1747,0,0
8/6/10,0.00,0,493,0,8559,0,9052,5478,2871,0,0,135,75,0,0
8/7/10,0.00,0,2304,0,5837,0,8141,3918,1151,642,0,0,126,0,0
8/8/10,0.00,0,1576,0,7600,0,9176,5930,1419,0,0,0,251,0,0
8/9/10,0.00,0,3498,0,7675,0,11173,5767,1133,775,0,0,0,0,0
8/10/10,0.00,0,4683,0,4352,0,9035,3161,413,742,0,0,36,0,0
8/11/10,0.00,0,1667,0,5432,0,7099,4583,250,0,0,0,599,0,0
8/12/10,0.00,0,2373,0,6339,0,8712,4315,1598,270,0,0,156,0,0
8/13/10,0.00,0,649,0,7815,0,8464,4307,3229,0,0,0,279,0,0
8/14/10,0.00,0,3038,0,6829,0,9867,2925,2264,1587,0,0,53,0,0
8/15/10,0.00,0,6622,0,3908,0,10530,2651,573,684,0,0,0,0,0
8/16/10,0.00,0,2622,0,4109,0,6731,4078,0,0,0,0,31,0,0
8/17/10,0.00,0,3501,0,5204,0,8705,4800,404,0,0,0,0,0,0
8/18/10,0.00,0,4265,0,3635,0,7900,3575,60,0,0,0,0,0,0
8/19/10,0.00,0,2632,0,7023,0,9655,5897,0,0,161,0,965,0,0
8/20/10,0.00,0,2142,0,11128,0,13270,10782,0,0,0,0,346,0,0
8/21/10,0.00,0,2953,0,7394,0,10347,6616,450,0,44,0,284,0,0
8/22/10,0.00,0,2767,0,6909,0,9676,5285,1224,0,0,0,400,0,0
8/23/10,0.00,0,2510,0,7515,0,10025,5455,1769,0,0,0,291,0,0
8/24/10,0.00,0,2658,0,5801,0,8459,4225,813,0,317,0,446,0,0
8/25/10,0.00,0,2658,0,3662,0,6320,3662,0,0,0,0,0,0,0
8/26/10,0.00,0,1707,0,4331,0,6038,4093,0,0,238,0,0,0,0
8/27/10,0.00,0,2941,0,5533,0,8474,5438,18,0,0,0,77,0,0
8/28/10,0.00,0,2104,0,4232,0,6336,4232,0,0,0,0,0,0,0
8/29/10,0.00,0,2000,0,6076,0,8076,4166,0,0,0,0,1910,0,0
8/30/10,0.00,0,2730,0,3090,0,5820,3090,0,0,0,0,0,0,0
8/31/10,0.00,0,2146,0,2778,0,4924,2634,0,0,0,0,144,0,0
9/1/10,0.00,0,1369,0,1739,0,3108,1683,0,0,0,0,56,0,0
9/2/10,0.00,0,2231,0,1752,0,3983,1667,0,0,0,85,0,0,0
9/3/10,0.00,0,2830,0,734,0,3564,734,0,0,0,0,0,0,0
9/4/10,0.00,0,1706,0,1484,0,3190,1032,0,0,0,452,0,0,0
9/5/10,0.00,0,1431,0,1423,0,2854,1402,0,0,0,0,21,0,0
9/6/10,0.00,0,928,0,1626,0,2554,1312,0,0,0,314,0,0,0
9/7/10,0.00,0,2271,0,15,0,2286,0,0,0,0,15,0,0,0
9/8/10,0.00,0,2046,0,0,0,2046,0,0,0,0,0,0,0,0
9/9/10,0.00,0,1831,0,0,0,1831,0,0,0,0,0,0,0,0
9/10/10,0.00,0,1638,0,0,0,1638,0,0,0,0,0,0,0,0
9/11/10,0.00,0,1466,0,0,0,1466,0,0,0,0,0,0,0,0
9/12/10,0.00,0,1312,0,0,0,1312,0,0,0,0,0,0,0,0
9/13/10,0.00,0,1174,0,0,0,1174,0,0,0,0,0,0,0,0
9/14/10,0.00,0,1051,0,0,0,1051,0,0,0,0,0,0,0,0
9/15/10,0.00,0,940,0,0,0,940,0,0,0,0,0,0,0,0
9/16/10,0.00,0,841,0,0,0,841,0,0,0,0,0,0,0,0
9/17/10,0.00,0,753,0,0,0,753,0,0,0,0,0,0,0,0
9/18/10,0.00,0,674,0,0,0,674,0,0,0,0,0,0,0,0
9/19/10,0.00,0,603,0,0,0,603,0,0,0,0,0,0,0,0
9/20/10,0.00,0,540,0,0,0,540,0,0,0,0,0,0,0,0
9/21/10,0.00,0,483,0,0,0,483,0,0,0,0,0,0,0,0
9/22/10,0.00,0,432,0,0,0,432,0,0,0,0,0,0,0,0
9/23/10,0.00,0,387,0,0,0,387,0,0,0,0,0,0,0,0
9/24/10,0.00,0,346,0,0,0,346,0,0,0,0,0,0,0,0
9/25/10,0.00,0,310,0,0,0,310,0,0,0,0,0,0,0,0
9/26/10,0.00,0,277,0,0,0,277,0,0,0,0,0,0,0,0
9/27/10,0.00,0,248,0,0,0,248,0,0,0,0,0,0,0,0
9/28/10,0.00,0,222,0,0,0,222,0,0,0,0,0,0,0,0
9/29/10,0.00,0,199,0,0,0,199,0,0,0,0,0,0,0,0
9/30/10,0.00,0,178,0,0,0,178,0,0,0,0,0,0,0,0
5/31/11,1.00,232,0,0,0,232,0,0,0,0,0,0,0,0,0
6/1/11,1.00,4061,8,0,0,4061,8,0,0,0,0,0,0,0,0
6/2/11,1.00,10372,21,0,0,10372,21,0,0,0,0,0,0,0,0
6/3/11,1.00,9065,18,0,0,9065,18,0,0,0,0,0,0,0,0
6/4/11,1.00,17756,36,0,0,17756,36,0,0,0,0,0,0,0,0
6/5/11,1.00,32422,65,3608,7,36030,72,3615,0,0,0,0,0,0,0
6/6/11,1.00,24675,49,67083,134,91757,184,67217,0,0,0,0,0,0,0
6/7/11,1.00,18651,37,50826,102,69477,139,50928,0,0,0,0,0,0,0
6/8/11,1.00,27242,55,57172,115,84415,169,57287,0,0,0,0,0,0,0
6/9/11,1.00,22635,45,85894,172,108529,217,65673,14151,6242,0,0,0,0,0
6/10/11,1.00,20880,42,84251,169,105131,211,74575,9845,0,0,0,0,0,0
6/11/11,1.00,21884,44,65363,131,87247,175,57004,8490,0,0,0,0,0,0
6/12/11,1.00,17841,36,69429,139,87270,175,52135,17433,0,0,0,0,0,0
6/13/11,1.00,20884,42,84502,85,105387,126,59010,23282,0,2295,0,0,0,0
6/14/11,1.00,18809,19,76876,0,95685,19,44893,28799,0,3184,0,0,0,0
6/15/11,1.00,14956,0,103873,0,118829,0,45764,29559,0,0,0,0,26365.5,2184
6/16/11,1.00,13014,0,126291,0,139305,0,57531,16637,0,1980,0,0,45300.6,4842.4
6/17/11,1.00,19896,0,147229,502,167125,502,69158,29970,0,4792,0,0,38144.7,5666.4
6/18/11,1.00,26463,90,138700,950,165163,1040,88110,3795,0,3492,0,0,40554.9,3697.6
6/19/11,0.99,18417,126,173549,1788,191966,1915,82676,51712,0,3897,0,0,34047,3005.6
6/20/11,0.99,17235,178,132134,1822,149370,1999,75816,44724,0,9324,0,0,0,4092
6/21/11,0.99,15612,215,84809,1467,100421,1682,57794,20269,0,2215,0,0,0,5997.6
6/22/11,0.98,10232,177,128238,2671,138471,2847,37444,11676,0,0,0,0,78777,3012
6/23/11,0.98,8605,179,139407,3428,148011,3607,44297,27614,0,6354,0,0,60141.6,4428
6/24/11,0.98,4227,104,81883,5227,86110,5330,52119,14586,12040,4545,0,0,0,3819.2
6/25/11,0.94,9141,583,53773,5710,62913,6294,31485,13939,5098,5325,0,0,0,3636
6/26/11,0.90,3863,410,61253,9315,65116,9725,26014,26201,2654,11885,0,0,0,3814.4
6/27/11,0.87,3682,560,45356,9158,49038,9718,21013,21176,0,9156,0,0,0,3169.6
6/28/11,0.83,3824,772,112856,18029,116680,18802,15614,11996,9600,7868,0,0,82312.2,3495.2
6/29/11,0.86,5120,818,60990,7346,66110,8164,14180,10736,2050,13403,518,0,22052.7,5396.8
6/30/11,0.89,9269,1116,63425,5310,72694,6426,16262,5678,436,1225,626,0,41542.2,2965.6
7/1/11,0.92,11152,934,60008,2959,71160,3893,21067,9620,417,0,0,918,25458.3,5487.2
7/2/11,0.95,7337,362,33470,3843,40807,4205,18901,14890,0,0,957,516,0,2049.6
7/3/11,0.90,5084,584,37305,7053,42389,7637,27223,12112,0,0,0,1305,0,3717.6
7/4/11,0.84,5607,1060,23298,6381,28905,7441,14539,7872,335,0,0,3081,0,3852
7/5/11,0.79,3820,1046,11941,3597,15761,4643,12071,739,0,0,0,313,0,2415.2
7/6/11,0.77,6898,2078,30320,9999,37218,12077,22229,7996,6626,0,0,0,0,3468
7/7/11,0.75,4098,1352,15658,5631,19756,6982,16960,2589,0,0,35,0,0,1704.8
7/8/11,0.74,1773,637,27343,10686,29116,11324,17490,3604,5483,8311,977,0,0,2164.8
7/9/11,0.72,458,179,20852,8150,21310,8329,9200,13801,1089,1173,647,1287,0,1804.8
7/10/11,0.72,2583,1010,15576,15085,18159,16095,11441,12480,1611,2318,0,738,0,2072.8
7/11/11,0.51,1118,1083,11446,27093,12564,28176,11884,11260,3620,4136,0,4403,0,3236
7/12/11,0.30,925,2188,10226,23635,11151,25824,9778,8066,3487,0,0,5419,0,7111.2
7/13/11,0.30,1815,4194,7221,16224,9036,20419,0,10761,0,0,0,3948,0,8736.8
7/14/11,0.31,2551,5731,2612,6662,5162,12393,0,0,0,898,2163,0,0,6212.8
7/15/11,0.28,2531,6458,1755,5121,4286,11578,0,0,0,0,2408,0,0,4467.2
7/16/11,0.26,1649,4814,2127,7168,3776,11981,1654,0,0,0,1750,0,0,5890.4
7/17/11,0.23,2312,7791,817,3219,3128,11010,0,0,0,0,1255,0,0,2780.8
7/18/11,0.20,3297,12993,1755,8217,5052,21210,0,0,0,0,1695,0,0,8277.6
7/19/11,0.18,1430,6693,1232,7004,2662,13697,0,0,0,0,2372,0,0,5864
7/20/11,0.15,1979,11247,475,3387,2454,14635,0,0,0,0,1679,0,0,2183.2
7/21/11,0.12,1045,7453,240,1926,1285,9379,0,0,0,0,2166,0,0,0
7/22/11,0.11,2663,21417,294,2698,2957,24115,1287,0,0,0,1705,0,0,0
7/23/11,0.10,1223,11228,34,358,1256,11587,0,0,0,0,392,0,0,0
7/24/11,0.09,787,8385,0,0,787,8385,0,0,0,0,0,0,0,0
7/25/11,0.07,535,6751,2110,32473,2644,39225,34237,0,0,0,346,0,0,0
7/26/11,0.06,171,2631,1189,23266,1359,25898,19603,4357,0,0,495,0,0,0
7/27/11,0.05,193,3770,1161,31079,1353,34850,24329,5620,0,0,414,1877,0,0
7/28/11,0.04,101,2695,1011,41818,1111,44514,33692,6766,0,703,198,1470,0,0
7/29/11,0.02,102,4215,224,19748,326,23963,10554,4516,0,3996,0,906,0,0
7/30/11,0.01,59,5190,0,14284,59,19474,6150,1841,0,0,0,1877,0,4416
7/31/11,0,0,3445,0,16865.6,0,20310.6,5853,1314,828,1247,0,2122,0,5501.6
8/1/11,0,0,1978,0,6425,0,8403,5011,794,620,0,0,0,0,0
8/2/11,0,0,3793,0,10935,0,14728,6687,3055,1093,0,0,100,0,0
8/3/11,0,0,3058,0,8673,0,11731,5132,2829,576,0,0,136,0,0
8/4/11,0,0,2341,0,6360,0,8701,3536,2139,323,0,0,362,0,0
8/5/11,0,0,3141,0,4755,0,7896,4108,352,191,0,0,104,0,0
8/6/11,0,0,2318,0,6668,0,8986,3657,1338,153,0,0,1520,0,0
8/7/11,0,0,1442,0,5057,0,6499,2771,1614,364,0,0,308,0,0
8/8/11,0,0,1790,0,4311,0,6101,2518,1574,219,0,0,0,0,0
8/9/11,0,0,1050,0,5039,0,6089,2652,1616,703,0,0,68,0,0
8/10/11,0,0,2307,0,4120,0,6427,2529,1207,313,0,0,71,0,0
8/11/11,0,0,1325,0,4834,0,6159,2361,2014,171,0,0,288,0,0
8/12/11,0,0,1331,0,2771,0,4102,1336,242,449,0,0,744,0,0
8/13/11,0,0,2502,0,2017,0,4519,956,0,152,0,0,909,0,0
8/14/11,0,0,2170,0,1896,0,4066,1287,59,0,0,0,550,0,0
8/15/11,0,0,2452,0,1743,0,4195,1059,0,0,0,0,684,0,0
8/16/11,0,0,1450,0,1301,0,2751,994,79,0,0,0,228,0,0
8/17/11,0,0,1952,0,1726,0,3678,1285,6,0,0,0,435,0,0
8/18/11,0,0,1355,0,1666,0,3021,1317,30,0,6,0,313,0,0
8/19/11,0,0,2768,0,2172,0,4940,743,0,238,32,0,1159,0,0
8/20/11,0,0,1470,0,2359,0,3829,682,622,263,0,0,792,0,0
8/21/11,0,0,1785,0,1772,0,3557,723,556,0,0,0,493,0,0
8/22/11,0,0,2397,0,283,0,2680,153,64,0,0,0,66,0,0
8/23/11,0,0,2488,0,0,0,2488,0,0,0,0,0,0,0,0
8/24/11,0,0,2027,0,219,0,2246,36,0,0,0,0,183,0,0
8/25/11,0,0,1819,0,30,0,1849,30,0,0,0,0,0,0,0
8/26/11,0,0,2260,0,579,0,2839,208,0,0,0,0,371,0,0
8/27/11,0,0,2800,0,356,0,3156,196,0,0,0,0,160,0,0
8/28/11,0,0,1877,0,151,0,2028,123,0,0,0,0,28,0,0
8/29/11,0,0,1271,0,270,0,1541,0,242,0,0,0,28,0,0
8/30/11,0,0,1418,0,0,0,1418,0,0,0,0,0,0,0,0
8/31/11,0,0,1624,0,0,0,1624,0,0,0,0,0,0,0,0
9/1/11,0,0,939,0,0,0,939,0,0,0,0,0,0,0,0
9/2/11,0,0,814,0,0,0,814,0,0,0,0,0,0,0,0
9/3/11,0,0,727.96,0,0,0,727.96,0,0,0,0,0,0,0,0
9/4/11,0,0,651.01,0,0,0,651.01,0,0,0,0,0,0,0,0
9/5/11,0,0,582.19,0,0,0,582.19,0,0,0,0,0,0,0,0
9/6/11,0,0,520.65,0,0,0,520.65,0,0,0,0,0,0,0,0
9/7/11,0,0,465.62,0,0,0,465.62,0,0,0,0,0,0,0,0
9/8/11,0,0,416.4,0,0,0,416.4,0,0,0,0,0,0,0,0
9/9/11,0,0,372.38,0,0,0,372.38,0,0,0,0,0,0,0,0
9/10/11,0,0,333.02,0,0,0,333.02,0,0,0,0,0,0,0,0
9/11/11,0,0,297.82,0,0,0,297.82,0,0,0,0,0,0,0,0
9/12/11,0,0,266.34,0,0,0,266.34,0,0,0,0,0,0,0,0
9/13/11,0,0,238.18,0,0,0,238.18,0,0,0,0,0,0,0,0
9/14/11,0,0,213.01,0,0,0,213.01,0,0,0,0,0,0,0,0
9/15/11,0,0,190.49,0,0,0,190.49,0,0,0,0,0,0,0,0
9/16/11,0,0,170.36,0,0,0,170.36,0,0,0,0,0,0,0,0
9/17/11,0,0,152.35,0,0,0,152.35,0,0,0,0,0,0,0,0
9/18/11,0,0,136.24,0,0,0,136.24,0,0,0,0,0,0,0,0
9/19/11,0,0,121.84,0,0,0,121.84,0,0,0,0,0,0,0,0
9/20/11,0,0,108.96,0,0,0,108.96,0,0,0,0,0,0,0,0
9/21/11,0,0,97.44519,0,0,0,97.44519,0,0,0,0,0,0,0,0
9/22/11,0,0,87.14476,0,0,0,87.14476,0,0,0,0,0,0,0,0
9/23/11,0,0,77.93313,0,0,0,77.93313,0,0,0,0,0,0,0,0
9/24/11,0,0,69.69521,0,0,0,69.69521,0,0,0,0,0,0,0,0
9/25/11,0,0,62.32809,0,0,0,62.32809,0,0,0,0,0,0,0,0
9/26/11,0,0,55.7397,0,0,0,55.7397,0,0,0,0,0,0,0,0
9/27/11,0,0,49.84774,0,0,0,49.84774,0,0,0,0,0,0,0,0
9/28/11,0,0,44.57859,0,0,0,44.57859,0,0,0,0,0,0,0,0
9/29/11,0,0,39.86641,0,0,0,39.86641,0,0,0,0,0,0,0,0
9/30/11,0,0,35.65234,0,0,0,35.65234,0,0,0,0,0,0,0,0
5/30/12,1.00,1213,0,0,0,1213,0,0,0,0,0,0,0,0,0
5/31/12,1.00,4325,0,0,0,4325,0,0,0,0,0,0,0,0,0
6/1/12,1.00,718,0,0,0,718,0,0,0,0,0,0,0,0,0
6/2/12,1.00,1213,0,0,0,1213,0,0,0,0,0,0,0,0,0
6/3/12,1.00,2852,0,0,0,2852,0,0,0,0,0,0,0,0,0
6/4/12,1.00,2095,0,0,0,2095,0,0,0,0,0,0,0,0,0
6/5/12,1.00,5679,1,0,0,5679,1,547,0,0,0,0,0,0,0
6/6/12,1.00,11477,4,0,0,11477,4,0,0,0,0,0,0,0,0
6/7/12,1.00,7219,3,0,0,7219,3,0,0,0,0,0,0,0,0
6/8/12,1.00,13764,8,0,0,13764,8,1542,0,0,0,0,0,0,0
6/9/12,1.00,16853,14,0,0,16853,14,12879,0,0,0,0,0,0,0
6/10/12,1.00,16744,18,0,0,16744,18,14586,1001,0,0,0,0,0,0
6/11/12,1.00,21069,31,0,0,21069,31,20924,8230,0,0,0,0,0,0
6/12/12,1.00,13729,27,0,0,13729,27,12765,5238,0,0,0,0,0,0
6/13/12,1.00,10096,26,0,0,10096,26,8406,0,0,673,0,0,0,0
6/14/12,1.00,4315,15,0,0,4315,15,10856,1796,0,0,0,0,0,0
6/15/12,1.00,3655,17,545,2,4200,19,13431,731,0,1287,0,10980,16018.2,0
6/16/12,0.99,14807,90,0,0,14807,90,0,6994,0,0,0,1036,8911.8,0
6/17/12,0.99,24764,201,0,0,24764,201,37524,0,0,0,0,2725,0,0
6/18/12,0.99,12514,135,1526,16,14039,152,32924,19425,0,1614,0,0,0,0
6/19/12,0.99,17538,253,12696,183,30235,435,34545,18036,0,0,0,0,0,0
6/20/12,0.98,13784,264,15294,293,29077,558,35808,27489,460,2051,0,0,0,0
6/21/12,0.98,18884,482,28428,726,47311,1209,34435,13838,1702,6094,0,0,0,0
6/22/12,0.97,10921,372,17411,592,28332,964,28303,7907,0,1968,0,6370,0,4482.4
6/23/12,0.96,9765,442,8685,394,18450,836,51447,7453,0,12672,0,20958,0,7972
6/24/12,0.94,7750,468,11932,720,19682,1188,26170,11394,0,7089,0,31309,0,2404
6/25/12,0.93,9723,782,39289,3159,49012,3940,21152,13539,0,1906,0,5537,0,0
6/26/12,0.90,6563,703,15303,1639,21866,2341,12017,9263,1772,0,0,0,76297.5,0
6/27/12,0.88,8802,1255,35225,5024,44027,6279,11124,5981,1906,0,0,0,43299,4988.8
6/28/12,0.84,7018,1333,45348,8615,52366,9948,10972,9849,0,0,0,749,38045.7,5464
6/29/12,0.80,7044,1782,41963,10618,49007,12400,11449,9477,0,3411,0,0,25860.6,7567.2
6/30/12,0.75,9731,3279,49220,16588,58951,19867,13043,7398,0,0,0,0,22770.9,5629.6
7/1/12,0.69,8115,3643,38698,17371,46814,21013,23885,5394,0,4630,0,0,11877.3,5371.2
7/2/12,0.63,3184,1903,30685,18346,33869,20249,19677,10987,5659,2288,0,0,0,5019.2
7/3/12,0.56,2900,2309,55949,44553,58849,46862,20042,22007,0,13911,0,0,0,2009.6
7/4/12,0.49,1338,1420,38030,40336,39368,41756,24766,298,4391,0,0,0,0,0
7/5/12,0.41,1759,2484,17463,24671,19222,27155,20484,11129,3944,0,0,0,0,0
7/6/12,0.35,2858,5378,34477,64873,37335,70251,22058,16561,6598,0,0,0,0,0
7/7/12,0.29,1479,3707,19194,48105,20673,51812,26245,4841,7269,0,0,0,0,0
7/8/12,0.23,427,1426,15002,50078,15429,51504,25201,7953,7902,0,0,0,0,0
7/9/12,0.18,911,4050,10606,47158,11517,51208,26827,4615,8592,0,0,0,0,0
7/10/12,0.14,198,1171,7056,41786,7254,42957,29124,10453,4125,0,0,0,0,0
7/11/12,0.11,303,2394,5756,45402,6059,47795,24033,6647,9113,2626,0,0,0,0
7/12/12,0.09,1551,16296,3792,39838,5343,56134,0,6577,1708,0,0,0,0,0
7/13/12,0.07,1718,24042,3866,54103,5584,78145,0,0,7107,4416,0,0,0,0
7/14/12,0.05,535,9977,1500,27955,2035,37932,45222,0,0,0,0,0,0,0
7/15/12,0.04,506,12564,1377,34180,1883,46744,24395,7306,0,0,0,0,0,13472.8
7/16/12,0.03,333,10999,1327,43890,1660,54889,32036,3826,3653,0,0,2935,0,10170.4
7/17/12,0.02,295,12975,852,37503,1146,50479,0,17575,0,0,0,0,0,0
7/18/12,0.02,171,10045,688,40368,859,50413,40047,0,8712,1163,0,1236,0,0
7/19/12,0.01,96,7481,506,39528,602,47009,29299,18899,0,0,0,0,0,0
7/20/12,0.01,24,2480,416,43286,440,45766,18310,1181,7800,0,0,0,16782.3,0
7/21/12,0.01,12,1688,304,42115,316,43803,20870,9095,6470,409,0,0,15633,0
7/22/12,0.01,7,1292,45,8240,52,9532,19943,7607,9191,807,0,0,14785.2,0
7/23/12,0.00,5,1147,47,11476,51,12624,15307,5590,1653,625,0,0,747,4444
7/24/12,0.00,11,3485,138,45084,148,48570,11558,6030,4138,3326,0,0,0,9738.4
7/25/12,0.00,5,1977,103,45070,108,47048,13208,2319,560,0,0,0,0,0
7/26/12,0.00,16,9007,90,52530,106,61537,0,4185,630,2268,0,719,17452.8,8138.4
7/27/12,0.00,19,14891,23,17552,42,32443,0,0,0,0,0,1610,6750.9,5068.8
7/28/12,0.00,10,9955,50,51108,59,61064,0,0,0,866,0,0,8434.8,5992
7/29/12,0.00,9,12586,35,48163,44,60749,0,0,0,0,0,0,1480.5,4841.6
7/30/12,0.00,6,11721,24,44049,30,55770,15346,0,0,0,0,0,0,7353.6
7/31/12,0.00,2,5169,22,52455,24,57624,10234,0,0,0,0,0,0,5955.2
8/1/12,0.00,0,2797,0,52333,0,55130,8290,5741,613,0,0,0,0,0
8/2/12,0.00,0,2217,0,28366,0,30583,4870,1987,725,0,0,1337,0,0
8/3/12,0.00,0,4679,0,34790,0,39469,0,1741,1464,25,0,332,0,0
8/4/12,0.00,0,7224,0,16087,0,23311,4833,0,438,0,0,0,0,0
8/5/12,0.00,0,4015,0,33393,0,37408,6270,0,0,274,68,0,0,0
8/6/12,0.00,0,1842,0,13430,0,15272,5637,1677,0,0,0,500,0,0
8/7/12,0.00,0,2213,0,15293,0,17506,6217,281,306,0,0,241,0,0
8/8/12,0.00,0,2354,0,6322,0,8676,5952,0,0,0,0,0,0,0
8/9/12,0.00,0,1015,0,22700,0,23715,6534,0,0,0,0,196,0,0
8/10/12,0.00,0,1243,0,16189,0,17432,4287,308,0,0,0,321,0,0
8/11/12,0.00,0,1642,0,14644,0,16286,2955,680,0,0,0,776,0,0
8/12/12,0.00,0,1685,0,8919,0,10604,3772,154,0,0,0,621,0,0
8/13/12,0.00,0,2856,0,3562,0,6418,2321,353,0,0,0,807,0,0
8/14/12,0.00,0,3770,0,5271,0,9041,2486,0,0,0,0,91,0,0
8/15/12,0.00,0,9268,0,6612,0,15880,1490,0,0,0,0,440,0,0
8/16/12,0.00,0,3423,0,7814,0,11237,2480,0,0,0,0,0,0,0
8/17/12,0.00,0,1892,0,7045,0,8937,5333,0,0,0,0,615,0,0
8/18/12,0.00,0,3882,0,5952,0,9834,4080,0,0,0,0,94,0,0
8/19/12,0.00,0,2418,0,6730,0,9148,3428,51,0,0,0,470,0,0
8/20/12,0.00,0,1850,0,4916,0,6766,2029,0,0,0,0,0,0,0
8/21/12,0.00,0,4138,0,4411,0,8549,3099,0,0,0,0,247,0,0
8/22/12,0.00,0,1408,0,4547,0,5955,2317,19,0,0,82,18,0,0
8/23/12,0.00,0,2804,0,3481,0,6285,1575,0,0,0,0,0,0,0
8/24/12,0.00,0,4207,0,2577,0,6784,2990,0,0,0,0,0,0,0
8/25/12,0.00,0,3634,0,1930,0,5564,0,0,0,0,0,0,0,0
8/26/12,0.00,0,2365,0,2480,0,4845,1703,0,0,0,0,0,0,0
8/27/12,0.00,0,3483,0,5948,0,9431,0,0,0,0,0,0,0,0
8/28/12,0.00,0,5030,0,4174,0,9204,2005,0,0,0,0,0,0,0
8/29/12,0.00,0,3123,0,3949,0,7072,1934,0,0,0,0,0,0,0
8/30/12,0.00,0,1218,0,2029,0,3247,2958,0,0,0,0,0,0,0
8/31/12,0.00,0,3277,0,3346,0,6623,658,0,0,0,0,0,0,0
9/1/12,0.00,0,2362,0,2436,0,4798,1346,0,0,0,0,0,0,0
9/2/12,0.00,0,3494,0,1575,0,5069,0,0,0,0,0,0,0,0
9/3/12,0.00,0,723,0,2990,0,3713,2569,0,0,0,0,0,0,0
9/4/12,0.00,0,3102,0,0,0,3102,0,0,0,0,0,0,0,0
9/5/12,0.00,0,2923,0,1703,0,4626,0,0,0,0,0,0,0,0
9/6/12,0.00,0,2754,0,0,0,2754,0,0,0,0,0,0,0,0
9/7/12,0.00,0,1384,0,2005,0,3389,1211,0,0,0,0,0,0,0
9/8/12,0.00,0,2446,0,1934,0,4380,0,0,0,0,0,0,0,0
9/9/12,0.00,0,2305,0,2958,0,5263,0,0,0,0,0,0,0,0
9/10/12,0.00,0,2172,0,658,0,2830,0,0,0,0,0,0,0,0
9/11/12,0.00,0,2046,0,1346,0,3392,0,0,0,0,0,0,0,0
9/12/12,0.00,0,1928,0,0,0,1928,0,0,0,0,0,0,0,0
9/13/12,0.00,0,1817,0,2569,0,4386,0,0,0,0,0,0,0,0
9/14/12,0.00,0,1712,0,0,0,1712,0,0,0,0,0,0,0,0
9/15/12,0.00,0,1613,0,0,0,1613,0,0,0,0,0,0,0,0
9/16/12,0.00,0,1520,0,0,0,1520,0,0,0,0,0,0,0,0
9/17/12,0.00,0,1433,0,1211,0,2644,0,0,0,0,0,0,0,0
9/18/12,0.00,0,1350,0,0,0,1350,0,0,0,0,0,0,0,0
9/19/12,0.00,0,1272,0,0,0,1272,0,0,0,0,0,0,0,0
9/20/12,0.00,0,1199,0,0,0,1199,0,0,0,0,0,0,0,0
9/21/12,0.00,0,1129,0,0,0,1129,0,0,0,0,0,0,0,0
9/22/12,0.00,0,1064,0,0,0,1064,0,0,0,0,0,0,0,0
9/23/12,0.00,0,1003,0,0,0,1003,0,0,0,0,0,0,0,0
9/24/12,0.00,0,945,0,0,0,945,0,0,0,0,0,0,0,0
9/25/12,0.00,0,890,0,0,0,890,0,0,0,0,0,0,0,0
9/26/12,0.00,0,839,0,0,0,839,0,0,0,0,0,0,0,0
9/27/12,0.00,0,791,0,0,0,791,0,0,0,0,0,0,0,0
9/28/12,0.00,0,745,0,0,0,745,0,0,0,0,0,0,0,0
9/29/12,0.00,0,702,0,0,0,702,0,0,0,0,0,0,0,0
9/30/12,0.00,0,662,0,0,0,662,0,0,0,0,0,0,0,0
5/28/13,1.00,543,0,0,0,543,0,0,0,0,0,0,0,0,0
5/29/13,1.00,2664,0,0,0,2664,1,0,0,0,0,0,0,0,0
5/30/13,1.00,963,0,0,0,963,0,0,0,0,0,0,0,0,0
5/31/13,1.00,1106,0,0,0,1106,0,0,0,0,0,0,0,0,0
6/1/13,1.00,3668,0,0,0,3668,0,0,0,0,0,0,0,0,0
6/2/13,1.00,2939,0,0,0,2939,0,0,0,0,0,0,0,0,0
6/3/13,1.00,2148,0,1290,0,3438,0,1290,0,0,0,0,0,0,0
6/4/13,1.00,5308,1,0,0,5308,1,0,0,0,0,0,0,0,0
6/5/13,1.00,3853,0,1460,0,5312,1,1460,0,0,0,0,0,0,0
6/6/13,1.00,10474,2,0,0,10474,2,0,0,0,0,0,0,0,0
6/7/13,1.00,15764,4,32836,7,48600,11,32843,0,0,0,0,0,0,0
6/8/13,1.00,13544,4,41865,13,55409,17,38355,3523,0,0,0,0,0,0
6/9/13,1.00,8719,3,38097,15,46815,19,29950,8162,0,0,0,0,0,0
6/10/13,1.00,10825,6,46605,25,57431,30,34989,11641,0,0,0,0,0,0
6/11/13,1.00,10187,7,38246,27,48433,34,25311,8603,0,2987,0,1372,0,0
6/12/13,1.00,4833,4,36655,34,41488,38,28837,4157,0,3695,0,0,0,0
6/13/13,1.00,8634,11,45219,56,53854,66,30824,3703,7677,3071,0,0,0,0
6/14/13,1.00,6138,10,76327,124,82465,134,33293,12164,4615,6919,0,0,19460.7,0
6/15/13,1.00,5103,11,103557,224,108660,235,43356,16296,14923,5852,0,0,23354.1,0
6/16/13,1.00,7163,21,108751,312,115914,332,30923,19918,0,1511,0,16176,40534.2,0
6/17/13,1.00,8078,31,120322,457,128400,488,39411,13345,42724,16675,0,5767,0,2856.8
6/18/13,0.99,18886,95,63466,320,82352,415,0,25613,12503,19322,0,0,0,6348
6/19/13,0.99,7901,53,124908,835,132809,888,66739,0,34124,19588,0,0,0,5292
6/20/13,0.99,10328,92,72116,639,82445,731,39251,15247,0,11881,0,0,0,6376.8
6/21/13,0.99,14810,174,28537,336,43347,510,0,9848,12826,0,0,0,0,6198.4
6/22/13,0.98,16548,258,29801,465,46349,723,0,0,19989,2068,0,0,0,8208.8
6/23/13,0.98,27927,578,128296,2655,156223,3233,0,0,0,3147,0,0,118405.8,9397.6
6/24/13,0.97,36906,1013,135681,3724,172587,4737,70851,0,0,0,0,0,60435,8119.2
6/25/13,0.96,39689,1445,120591,4390,160280,5835,92269,17653,0,0,0,0,3961.8,11097.6
6/26/13,0.95,20599,995,100169,4837,120769,5832,78305,21399,0,0,0,0,0,5302.4
6/27/13,0.94,16638,1066,72669,4654,89307,5720,52605,7641,17077,0,0,0,0,0
6/28/13,0.92,12629,1073,76830,6527,89459,7600,64129,4007,0,5287,0,9934,0,0
6/29/13,0.90,5411,610,63108,7111,68519,7721,44750,2962,1995,12470,0,8042,0,0
6/30/13,0.87,4068,608,41345,6180,45413,6788,29612,6087,0,11269,0,557,0,0
7/1/13,0.83,3195,633,44372,8797,47567,9430,38499,4271,3599,6800,0,0,0,0
7/2/13,0.79,3082,811,36419,9577,39502,10388,28685,7281,0,7063,0,1213,0,1754.4
7/3/13,0.74,2685,936,38781,13527,41466,14463,30772,8427,0,4039,0,0,0,9069.6
7/4/13,0.68,1553,718,24236,11213,25789,11931,23518,8608,0,0,0,0,0,3323.2
7/5/13,0.62,1489,914,23734,14564,25223,15478,32231,6067,0,0,0,0,0,0
7/6/13,0.55,1458,1186,20096,16357,21554,17543,25334,11119,0,0,0,0,0,0
7/7/13,0.48,914,987,16631,17955,17545,18942,24351,9984,251,0,0,0,0,0
7/8/13,0.41,995,1426,13111,18776,14107,20201,23564,8323,0,0,0,0,0,0
7/9/13,0.34,883,1677,12356,23469,13239,25146,21889,13936,0,0,0,0,0,0
7/10/13,0.28,856,2155,15876,40000,16732,42155,41551,14325,0,0,0,0,0,0
7/11/13,0.23,134,448,9295,31061,9429,31509,32030,8326,0,0,0,0,0,0
7/12/13,0.18,486,2152,7640,33862,8125,36015,33696,5861,1945,0,0,0,0,0
7/13/13,0.15,620,3644,1042,6124,1662,9768,0,4722,2444,0,0,0,0,0
7/14/13,0.11,3319,25886,666,5191,3985,31077,2220,0,3525,0,0,112,0,0
7/15/13,0.09,2448,25320,1839,19022,4287,44342,0,0,0,0,0,0,11893.5,8967.2
7/16/13,0.07,1461,20047,5156,70735,6617,90782,49898,0,0,0,0,0,16593.3,9399.2
7/17/13,0.05,505,9181,2247,40896,2752,50077,34430,8713,0,0,0,0,0,0
7/18/13,0.04,158,3812,1635,39476,1793,43288,25091,12299,0,0,0,3721,0,0
7/19/13,0.03,167,5342,1027,32865,1193,38208,24307,7952,0,0,0,1633,0,0
7/20/13,0.02,53,2261,797,33836,850,36097,20245,6408,6102,1672,0,206,0,0
7/21/13,0.02,40,2231,360,20273,400,22504,13176,4857,1988,0,0,612,0,0
7/22/13,0.01,27,1992,315,23569,342,25561,9758,3337,1195,3285,0,500,0,5809.6
7/23/13,0.01,21,2094,395,39149,416,41243,10832,1577,1706,0,0,256,12478.5,12694.4
7/24/13,0.01,22,2924,191,25151,214,28074,8539,2135,4065,302,0,0,3809.7,6491.2
7/25/13,0.01,15,2608,150,26145,165,28753,10121,1073,1083,108,0,0,9708.3,4201.6
7/26/13,0.00,20,4670,84,19426,104,24096,0,627,3220,0,0,0,11087.1,4576
7/27/13,0.00,15,4621,46,14262,62,18883,0,0,4849,412,0,0,4450.5,4596.8
7/28/13,0.00,26,10728,25,10007,51,20735,0,0,0,0,0,0,5599.8,4432
7/29/13,0.00,9,5122,27,14580,37,19701,0,0,0,0,0,0,5562,9044.8
7/30/13,0.00,35,24795,14,10354,49,35149,0,0,0,0,0,0,4915.8,5452.8
7/31/13,0.00,21,20149,13,12174,34,32322,0,0,0,0,0,0,2168.1,10018.4
8/1/13,0.00,12,15324,0,0,12,15324,0,0,0,0,0,0,0,0
8/2/13,0.00,2,2771,6,10572,8,13343,10578,0,0,0,0,0,0,0
8/3/13,0.00,1,2097,4,9367,5,11464,8170,1201,0,0,0,0,0,0
8/4/13,0.00,1,2608,2,6758,3,9366,5571,257,0,0,0,932,0,0
8/5/13,0.00,0,814,3,10253,3,11067,9294,150,0,0,363,449,0,0
8/6/13,0.00,0,1727,1,6449,2,8175,4314,1063,0,0,393,680,0,0
8/7/13,0.00,1,5515,1,8739,2,14254,4642,859,0,0,2721,518,0,0
8/8/13,0.00,0,3141,1,7234,1,10375,6203,0,0,0,812,220,0,0
8/9/13,0.00,0,2018,1,7368,1,9386,6860,334,0,1,174,0,0,0
8/10/13,0.00,0,2144,0,8002,1,10145,7341,454,0,0,0,207,0,0
8/11/13,0.00,0,2637,0,5995,0,8632,4898,594,0,0,0,503,0,0
8/12/13,0.00,0,3603,0,6339,0,9942,6126,96,0,0,0,117,0,0
8/13/13,0.00,0,2352,0,5917,0,8269,5916,1,0,0,0,0,0,0
8/14/13,0.00,0,2491,0,8348,0,10839,7319,0,0,0,485,544,0,0
8/15/13,0.00,0,1842,0,8322,0,10164,7569,48,0,1,465,239,0,0
8/16/13,0.00,0,1620,0,5224,0,6844,4790,73,0,11,347,3,0,0
8/17/13,0.00,0,763,0,4097,0,4860,4024,0,0,0,0,73,0,0
8/18/13,0.00,0,1010,0,4625,0,5635,4115,0,0,0,0,510,0,0
8/19/13,0.00,0,2371,0,3292,0,5663,2870,0,0,0,0,422,0,0
8/20/13,0.00,0,1848,0,4202,0,6050,3976,0,0,1,0,225,0,0
8/21/13,0.00,0,2684,0,3241,0,5925,2807,0,0,0,163,271,0,0
8/22/13,0.00,0,2500,0,2375,0,4875,2238,18,0,0,0,119,0,0
8/23/13,0.00,0,1402,0,2321,0,3723,2303,0,0,0,0,18,0,0
8/24/13,0.00,0,2608,0,1749,0,4357,1749,0,0,0,0,0,0,0
8/25/13,0.00,0,1802,0,1782,0,3584,1479,0,0,0,303,0,0,0
8/26/13,0.00,0,2228,0,1973,0,4201,1876,0,0,0,0,97,0,0
8/27/13,0.00,0,3545,0,1846,0,5391,1708,138,0,0,0,0,0,0
8/28/13,0.00,0,3954,0,0,0,3954,0,0,0,0,0,0,0,0
8/29/13,0.00,0,1669,0,0,0,1669,0,0,0,0,0,0,0,0
8/30/13,0.00,0,6986,0,0,0,6986,0,0,0,0,0,0,0,0
8/31/13,0.00,0,5548,0,0,0,5548,0,0,0,0,0,0,0,0
9/1/13,0.00,0,5284,0,0,0,5284,0,0,0,0,0,0,0,0
9/2/13,0.00,0,5119,0,0,0,5119,0,0,0,0,0,0,0,0
9/3/13,0.00,0,3518,0,0,0,3518,0,0,0,0,0,0,0,0
9/4/13,0.00,0,3381,0,0,0,3381,0,0,0,0,0,0,0,0
9/5/13,0.00,0,3250,0,0,0,3250,0,0,0,0,0,0,0,0
9/6/13,0.00,0,3124,0,0,0,3124,0,0,0,0,0,0,0,0
9/7/13,0.00,0,3002,0,0,0,3002,0,0,0,0,0,0,0,0
9/8/13,0.00,0,2886,0,0,0,2886,0,0,0,0,0,0,0,0
9/9/13,0.00,0,2774,0,0,0,2774,0,0,0,0,0,0,0,0
9/10/13,0.00,0,2666,0,0,0,2666,0,0,0,0,0,0,0,0
9/11/13,0.00,0,2563,0,0,0,2563,0,0,0,0,0,0,0,0
9/12/13,0.00,0,2463,0,0,0,2463,0,0,0,0,0,0,0,0
9/13/13,0.00,0,2368,0,0,0,2368,0,0,0,0,0,0,0,0
9/14/13,0.00,0,2276,0,0,0,2276,0,0,0,0,0,0,0,0
9/15/13,0.00,0,2187,0,0,0,2187,0,0,0,0,0,0,0,0
9/16/13,0.00,0,2102,0,0,0,2102,0,0,0,0,0,0,0,0
9/17/13,0.00,0,2021,0,0,0,2021,0,0,0,0,0,0,0,0
9/18/13,0.00,0,1942,0,0,0,1942,0,0,0,0,0,0,0,0
9/19/13,0.00,0,1867,0,0,0,1867,0,0,0,0,0,0,0,0
9/20/13,0.00,0,1794,0,0,0,1794,0,0,0,0,0,0,0,0
9/21/13,0.00,0,1725,0,0,0,1725,0,0,0,0,0,0,0,0
9/22/13,0.00,0,1658,0,0,0,1658,0,0,0,0,0,0,0,0
9/23/13,0.00,0,1593,0,0,0,1593,0,0,0,0,0,0,0,0
9/24/13,0.00,0,1531,0,0,0,1531,0,0,0,0,0,0,0,0
9/25/13,0.00,0,1472,0,0,0,1472,0,0,0,0,0,0,0,0
9/26/13,0.00,0,1415,0,0,0,1415,0,0,0,0,0,0,0,0
9/27/13,0.00,0,1360,0,0,0,1360,0,0,0,0,0,0,0,0
9/28/13,0.00,0,1307,0,0,0,1307,0,0,0,0,0,0,0,0
9/29/13,0.00,0,1256,0,0,0,1256,0,0,0,0,0,0,0,0
9/30/13,0.00,0,1208,0,0,0,1208,0,0,0,0,0,0,0,0
5/25/14,1.00,54,0,0,0,54,0,0,0,0,0,0,0,0,0
5/26/14,1.00,97,0,0,0,97,0,0,0,0,0,0,0,0,0
5/27/14,1.00,42,0,0,0,42,0,0,0,0,0,0,0,0,0
5/28/14,1.00,120,0,0,0,120,0,0,0,0,0,0,0,0,0
5/29/14,1.00,179,0,0,0,179,0,0,0,0,0,0,0,0,0
5/30/14,1.00,231,0,0,0,231,0,0,0,0,0,0,0,0,0
5/31/14,1.00,303,0,0,0,303,0,0,0,0,0,0,0,0,0
6/1/14,1.00,477,0,0,0,477,0,0,0,0,0,0,0,0,0
6/2/14,1.00,1791,0,0,0,1791,0,0,0,0,0,0,0,0,0
6/3/14,1.00,106,0,0,0,106,0,0,0,0,0,0,0,0,0
6/4/14,1.00,1433,2,0,0,1433,2,0,0,0,0,0,0,0,0
6/5/14,1.00,450,1,0,0,450,1,0,0,0,0,0,0,0,0
6/6/14,1.00,2002,4,0,0,2002,4,0,0,0,0,0,0,0,0
6/7/14,1.00,5609,15,0,0,5609,15,0,0,0,0,0,0,0,0
6/8/14,1.00,7016,23,0,0,7016,23,0,0,0,0,0,0,0,0
6/9/14,1.00,10791,43,0,0,10791,43,0,0,0,0,0,0,0,0
6/10/14,1.00,8239,39,0,0,8239,39,0,0,0,0,0,0,0,0
6/11/14,0.99,2042,12,397,2,2439,14,399,0,0,0,0,0,0,0
6/12/14,0.99,3201,23,0,0,3201,23,0,0,0,0,0,0,0,0
6/13/14,0.99,10550,90,0,0,10550,90,0,0,0,0,0,0,0,0
6/14/14,0.99,8629,89,0,0,8629,89,0,0,0,0,0,0,0,0
6/15/14,0.99,16867,212,0,0,16867,212,0,0,0,0,0,0,0,0
6/16/14,0.98,10343,158,1012,15,11355,173,1027,0,0,0,0,0,0,0
6/17/14,0.98,17068,316,0,0,17068,316,0,0,0,0,0,0,0,0
6/18/14,0.98,11356,255,0,0,11356,255,0,0,0,0,0,0,0,0
6/19/14,0.97,16656,453,644,18,17300,471,662,0,0,0,0,0,0,0
6/20/14,0.97,11455,378,0,0,11455,378,0,0,0,0,0,0,0,0
6/21/14,0.96,16453,659,0,0,16453,659,0,0,0,0,0,0,0,0
6/22/14,0.95,8309,403,0,0,8309,403,0,0,0,0,0,0,0,0
6/23/14,0.94,12216,719,0,0,12216,719,0,0,0,0,0,0,0,0
6/24/14,0.93,17035,1217,0,0,17035,1217,0,0,0,0,0,0,0,0
6/25/14,0.92,12603,1092,0,0,12603,1092,0,0,0,0,0,0,0,0
6/26/14,0.90,11198,1177,0,0,11198,1177,0,0,0,0,0,0,0,0
6/27/14,0.89,8792,1120,0,0,8792,1120,0,0,0,0,0,0,0,0
6/28/14,0.87,5393,834,0,0,5393,834,0,0,0,0,0,0,0,0
6/29/14,0.84,8337,1563,0,0,8337,1563,0,0,0,0,0,0,0,0
6/30/14,0.81,10751,2445,0,0,10751,2445,0,0,0,0,0,0,0,0
7/1/14,0.78,8036,2217,0,0,8036,2217,0,0,0,0,0,0,0,0
7/2/14,0.75,6069,2030,0,0,6069,2030,0,0,0,0,0,0,0,0
7/3/14,0.71,7051,2861,33,13,7084,2874,0,0,0,46,0,0,0,0
7/4/14,0.67,6480,3189,0,0,6480,3189,0,0,0,0,0,0,0,0
7/5/14,0.63,9199,5492,0,0,9199,5492,0,0,0,0,0,0,0,0
7/6/14,0.58,7286,5276,0,0,7286,5276,0,0,0,0,0,0,0,0
7/7/14,0.53,9969,8755,0,0,9969,8755,0,0,0,0,0,0,0,0
7/8/14,0.48,7475,7963,0,0,7475,7963,0,0,0,0,0,0,0,0
7/9/14,0.44,10765,13908,0,0,10765,13908,0,0,0,0,0,0,0,0
7/10/14,0.39,7054,11055,0,0,7054,11055,0,0,0,0,0,0,0,0
7/11/14,0.34,7495,14246,0,0,7495,14246,0,0,0,0,0,0,0,0
7/12/14,0.30,3629,8366,415,957,4044,9323,1372,0,0,0,0,0,0,0
7/13/14,0.26,3389,9476,3710,10376,7099,19852,14053,0,0,33,0,0,0,0
7/14/14,0.23,2078,7050,3541,12011,5619,19061,13689,1863,0,0,0,0,0,0
7/15/14,0.20,627,2579,5360,22051,5987,24630,9369,5558,0,0,0,12484,0,0
7/16/14,0.17,439,2188,3473,17326,3912,19514,7647,3292,4519,0,0,5341,0,0
7/17/14,0.14,350,2117,5453,32998,5803,35115,9703,9431,4690,0,0,14627,0,0
7/18/14,0.12,303,2225,2885,21181,3188,23406,8306,6394,3041,0,0,6325,0,0
7/19/14,0.10,613,5455,3731,33221,4344,38676,8801,3072,2692,0,0,22387,0,0
7/20/14,0.08,1760,19004,1647,17783,3406,36787,0,3991,1844,0,0,13595,0,0
7/21/14,0.07,1347,17651,648,8491,1996,26142,0,0,2506,7,0,6626,0,0
7/22/14,0.06,302,4793,741,11774,1043,16567,12515,0,0,0,0,0,0,0
7/23/14,0.05,64,1236,734,14141,798,15377,10247,4628,0,0,0,0,0,0
7/24/14,0.04,78,1833,864,20200,942,22033,6402,8759,0,0,0,5903,0,0
7/25/14,0.03,54,1522,1171,33203,1225,34725,7744,6035,1127,0,0,19468,0,0
7/26/14,0.03,64,2184,433,14902,497,17086,5125,3520,519,0,0,6171,0,0
7/27/14,0.02,70,2900,544,22690,614,25590,6006,1579,872,0,0,14777,0,0
7/28/14,0.02,39,1995,360,18206,399,20201,7400,2147,907,0,1026,7086,0,0
7/29/14,0.02,39,2421,323,19848,363,22269,6041,40,491,0,0,13599,0,0
7/30/14,0.01,27,2046,294,21911,322,23957,7859,2242,573,0,0,11531,0,0
7/31/14,0.01,36,3253,250,22584,286,25837,5709,724,383,0,1373,14645,0,0
8/1/14,0.00,0,1493,0,11833,0,13326,3529,617,671,0,0,7016,0,0
8/2/14,0.00,0,2310,0,22076,0,24386,3944,2702,53,0,0,15377,0,0
8/3/14,0.00,0,1994,0,22827,0,24821,3833,1181,566,0,0,17247,0,0
8/4/14,0.00,0,2041,0,15887,0,17928,4080,1199,0,0,0,10608,0,0
8/5/14,0.00,0,4048,0,14246,0,18294,2911,666,976,0,1828,7865,0,0
8/6/14,0.00,0,1888,0,19727,0,21615,2708,123,0,0,112,16784,0,0
8/7/14,0.00,0,1213,0,13532,0,14745,3351,0,461,0,0,9720,0,0
8/8/14,0.00,0,1057,0,7246,0,8303,2077,560,113,0,934,3562,0,0
8/9/14,0.00,0,1561,0,7053,0,8614,1848,56,226,0,902,4021,0,0
8/10/14,0.00,0,2360,0,3965,0,6325,1879,1207,0,0,844,35,0,0
8/11/14,0.00,0,2354,0,11828,0,14182,2008,318,428,0,338,8736,0,0
8/12/14,0.00,0,2313,0,7519,0,9832,0,249,0,0,858,6412,0,0
8/13/14,0.00,0,6147,0,5810,0,11957,0,0,0,0,609,5201,0,0
8/14/14,0.00,0,6445,0,384,0,6829,0,0,0,0,384,0,0,0
8/15/14,0.00,0,3333,0,0,0,3333,0,0,0,0,0,0,0,0
8/16/14,0.00,0,3135,0,2922,0,6057,2922,0,0,0,0,0,0,0
8/17/14,0.00,0,3631,0,4058,0,7689,4058,0,0,0,0,0,0,0
8/18/14,0.00,0,3039,0,4278,0,7317,2280,247,0,0,0,1751,0,0
8/19/14,0.00,0,2710,0,5502,0,8212,2925,0,317,0,0,2260,0,0
8/20/14,0.00,0,2276,0,5963,0,8239,3452,0,0,0,0,2511,0,0
8/21/14,0.00,0,2414,0,5766,0,8180,2545,0,0,0,0,3221,0,0
8/22/14,0.00,0,1409,0,5998,0,7407,2083,0,0,0,0,3915,0,0
8/23/14,0.00,0,1807,0,2369,0,4176,2369,0,0,0,0,0,0,0
8/24/14,0.00,0,3198,0,1031,0,4229,371,0,0,0,0,660,0,0
8/25/14,0.00,0,1249,0,382,0,1631,382,0,0,0,0,0,0,0
8/26/14,0.00,0,1419,0,304,0,1723,304,0,0,0,0,0,0,0
8/27/14,0.00,0,1382,0,1216,0,2598,1216,0,0,0,0,0,0,0
8/28/14,0.00,0,1356,0,1004,0,2360,905,0,0,0,0,99,0,0
8/29/14,0.00,0,1611,0,631,0,2242,0,0,0,0,0,631,0,0
8/30/14,0.00,0,1412,0,417,0,1829,0,0,0,0,0,417,0,0
8/31/14,0.00,0,1805,0,0,0,1805,0,0,0,0,0,0,0,0
9/1/14,0.00,0,1396,0,0,0,1396,0,0,0,0,0,0,0,0
9/2/14,0.00,0,1008,0,0,0,1008,0,0,0,0,0,0,0,0
9/3/14,0.00,0,617,0,0,0,617,0,0,0,0,0,0,0,0
9/4/14,0.00,0,2055,0,0,0,2055,0,0,0,0,0,0,0,0
9/5/14,0.00,0,1860,0,0,0,1860,0,0,0,0,0,0,0,0
9/6/14,0.00,0,792,0,0,0,792,0,0,0,0,0,0,0,0
9/7/14,0.00,0,1010,0,0,0,1010,0,0,0,0,0,0,0,0
9/8/14,0.00,0,1365,0,0,0,1365,0,0,0,0,0,0,0,0
9/9/14,0.00,0,520,0,0,0,520,0,0,0,0,0,0,0,0
9/10/14,0.00,0,1732,0,0,0,1732,0,0,0,0,0,0,0,0
9/11/14,0.00,0,896,0,0,0,896,0,0,0,0,0,0,0,0
9/12/14,0.00,0,1501,0,0,0,1501,0,0,0,0,0,0,0,0
9/13/14,0.00,0,875,0,0,0,875,0,0,0,0,0,0,0,0
9/14/14,0.00,0,193,0,0,0,193,0,0,0,0,0,0,0,0
9/15/14,0.00,0,112,0,0,0,112,0,0,0,0,0,0,0,0
9/16/14,0.00,0,1033,0,0,0,1033,0,0,0,0,0,0,0,0
9/17/14,0.00,0,579,0,0,0,579,0,0,0,0,0,0,0,0
9/18/14,0.00,0,853,0,0,0,853,0,0,0,0,0,0,0,0
9/19/14,0.00,0,1104,0,0,0,1104,0,0,0,0,0,0,0,0
9/20/14,0.00,0,1691,0,0,0,1691,0,0,0,0,0,0,0,0
9/21/14,0.00,0,1495,0,0,0,1495,0,0,0,0,0,0,0,0
9/22/14,0.00,0,716,0,0,0,716,0,0,0,0,0,0,0,0
9/23/14,0.00,0,789,0,0,0,789,0,0,0,0,0,0,0,0
9/24/14,0.00,0,716,0,0,0,716,0,0,0,0,0,0,0,0
9/25/14,0.00,0,825,0,0,0,825,0,0,0,0,0,0,0,0
9/26/14,0.00,0,456,0,0,0,456,0,0,0,0,0,0,0,0
5/20/15,1.00,12,0,0,0,12,0,0,0,0,0,0,0,0,0
5/21/15,1.00,12,0,0,0,12,0,0,0,0,0,0,0,0,0
5/22/15,1.00,24,0,0,0,24,0,0,0,0,0,0,0,0,0
5/23/15,1.00,48,0,0,0,48,0,0,0,0,0,0,0,0,0
5/24/15,1.00,121,0,0,0,121,0,0,0,0,0,0,0,0,0
5/25/15,1.00,66,0,0,0,66,0,0,0,0,0,0,0,0,0
5/26/15,1.00,78,0,0,0,78,0,0,0,0,0,0,0,0,0
5/27/15,1.00,216,0,0,0,216,0,0,0,0,0,0,0,0,0
5/28/15,1.00,182,0,0,0,182,0,0,0,0,0,0,0,0,0
5/29/15,1.00,205,0,0,0,205,0,0,0,0,0,0,0,0,0
5/30/15,1.00,394,0,0,0,394,0,0,0,0,0,0,0,0,0
5/31/15,1.00,266,0,0,0,266,0,0,0,0,0,0,0,0,0
6/1/15,1.00,396,0,0,0,396,0,0,0,0,0,0,0,0,0
6/2/15,1.00,862,0,0,0,862,0,0,0,0,0,0,0,0,0
6/3/15,1.00,1414,0,0,0,1414,0,0,0,0,0,0,0,0,0
6/4/15,1.00,1614,0,0,0,1614,0,0,0,0,0,0,0,0,0
6/5/15,1.00,2016,0,0,0,2016,0,0,0,0,0,0,0,0,0
6/6/15,1.00,2284,1,0,0,2284,1,0,0,0,0,0,0,0,0
6/7/15,1.00,3693,1,0,0,3693,1,0,0,0,0,0,0,0,0
6/8/15,1.00,3098,1,0,0,3098,1,0,0,0,0,0,0,0,0
6/9/15,1.00,5913,2,0,0,5913,2,0,0,0,0,0,0,0,0
6/10/15,1.00,8063,4,0,0,8063,4,0,0,0,0,0,0,0,0
6/11/15,1.00,7960,4,0,0,7960,4,0,0,0,0,0,0,0,0
6/12/15,1.00,12007,8,0,0,12007,8,1248,0,0,0,0,0,0,0
6/13/15,1.00,16081,13,0,0,16081,13,0,0,0,0,0,0,0,0
6/14/15,1.00,13093,13,1247,1,14340,14,781,0,0,0,0,0,0,0
6/15/15,1.00,16100,20,0,0,16100,20,0,0,0,0,0,0,0,0
6/16/15,1.00,15826,24,780,1,16606,25,0,0,0,0,0,0,0,0
6/17/15,1.00,18246,34,0,0,18246,34,1956,0,0,0,0,0,0,0
6/18/15,1.00,22822,52,0,0,22822,52,0,0,0,0,0,0,0,0
6/19/15,1.00,25037,70,1951,5,26988,75,2320,0,0,0,0,0,0,0
6/20/15,1.00,15131,52,0,0,15131,52,0,0,0,0,0,0,0,0
6/21/15,1.00,19958,84,2310,10,22268,94,0,0,0,0,0,0,0,0
6/22/15,0.99,32235,166,0,0,32235,166,0,0,0,0,0,0,0,0
6/23/15,0.99,39255,248,0,0,39255,248,0,0,0,0,0,0,0,0
6/24/15,0.99,35846,278,0,0,35846,278,27778,0,0,0,0,0,0,0
6/25/15,0.99,5392,51,0,0,5392,51,19588,2881,0,0,0,0,0,0
6/26/15,0.99,2580,30,27458,320,30038,350,25984,7405,0,0,0,0,0,0
6/27/15,0.99,1391,20,22153,316,23544,336,16350,6187,0,1537,10266,0,0,0
6/28/15,0.98,2072,36,32815,574,34887,610,15303,3763,1132,0,12526,0,0,0
6/29/15,0.98,2158,46,33619,721,35777,767,6810,4789,0,378,2461,0,0,0
6/30/15,0.97,5818,153,31886,838,37704,991,0,87,0,555,512,0,0,0
7/1/15,0.97,10446,337,13987,451,24433,788,23528,0,0,70,0,0,0,0
7/2/15,0.96,2834,112,1110,44,3944,156,15622,4797,0,0,57,0,0,0
7/3/15,0.95,870,42,22508,1090,23378,1132,0,6081,0,0,0,0,0,0
7/4/15,0.94,4844,288,19328,1148,24172,1436,0,0,0,1982,9354,0,0,0
7/5/15,0.93,13923,1014,5668,413,19591,1427,0,0,0,660,9534,0,0,0
7/6/15,0.92,27749,2476,10407,929,38156,3405,0,0,0,0,0,0,0,0
7/7/15,0.90,10502,1149,9189,1005,19691,2154,19542,0,0,0,0,0,0,0
7/8/15,0.88,3858,517,0,0,3858,517,17493,10719,0,0,0,0,0,0
7/9/15,0.86,1590,262,16783,2759,18373,3021,19047,19862,6436,0,0,0,0,0
7/10/15,0.83,1716,346,23479,4733,25195,5079,26699,14235,5243,0,436,0,0,0
7/11/15,0.80,1265,313,36360,8985,37625,9298,15625,29249,15384,0,0,0,0,0
7/12/15,0.77,23085,6994,35775,10838,58860,17832,0,11696,3904,0,0,0,0,0
7/13/15,0.73,41012,15232,43939,16319,84951,31551,5255,0,14166,0,0,0,0,0
7/14/15,0.69,15131,6890,10719,4881,25850,11771,56265,0,0,0,0,0,0,0
7/15/15,0.64,3149,1757,12464,6957,15613,8714,27837,45676,0,0,0,0,0,0
7/16/15,0.59,3841,2629,33405,22860,37246,25489,21784,13328,1263,0,0,0,0,0
7/17/15,0.54,2707,2271,39976,33537,42683,35808,15928,11357,0,0,12928,0,0,0
7/18/15,0.49,996,1025,17932,18443,18928,19468,13835,15253,6937,0,2259,0,0,0
7/19/15,0.44,2335,2944,17787,22426,20122,25370,23304,11065,2787,0,0,0,0,0
7/20/15,0.39,989,1528,15038,23246,16027,24774,21219,8294,3261,0,0,0,0,0
7/21/15,0.35,1918,3635,12834,24322,14752,27957,7974,10130,0,0,0,0,974.7,56852
7/22/15,0.30,1088,2529,9862,22912,10950,25441,547,1386,0,0,31194,0,221.4,40066.4
7/23/15,0.26,5753,16386,19732,56199,25485,72585,17889,0,0,0,39760,0,2947.5,1554.4
7/24/15,0.22,1505,5257,16345,57070,17850,62327,28661,3468,0,0,27532,0,1791.9,0
7/25/15,0.19,453,1937,11770,50381,12223,52318,8113,6382,0,0,0,0,0,0
7/26/15,0.16,2669,14006,9836,51617,12505,65623,0,1297,1711,0,9383,5545,0,0
7/27/15,0.13,3122,20086,1950,12545,5072,32631,0,0,0,0,20421,0,0,0
7/28/15,0.11,2341,18464,2018,15918,4359,34382,0,0,0,0,11461,0,0,0
7/29/15,0.09,1775,17164,1914,18507,3689,35671,9301,0,0,0,0,0,0,0
7/30/15,0.08,466,5528,892,10569,1358,16097,17534,5276,0,0,0,0,0,0
7/31/15,0.06,171,2480,599,8702,770,11182,9609,5420,485,0,0,3807,0,0
8/1/15,0.00,0,7364,1,22810,1,30174,0,9695,1750,0,14163,12820,0,0
8/2/15,0.00,0,10594,0,19321,0,29915,0,0,347,0,57708,4510,0,0
8/3/15,0.00,0,9250,0,38428,0,47678,0,0,0,0,26293,0,0,0
8/4/15,0.00,0,23332,0,62565,0,85897,6972,0,0,0,0,0,0,0
8/5/15,0.00,0,18561,0,26293,0,44854,8125,0,0,0,0,0,0,0
8/6/15,0.00,0,6123,0,6972,0,13095,15807,52,0,0,0,4745,0,0
8/7/15,0.00,0,7733,0,8125,0,15858,6070,99,0,0,21076,1137,0,0
8/8/15,0.00,0,6840,0,20604,0,27444,14793,0,0,36,6315,0,0,0
8/9/15,0.00,0,2765,0,28382,0,31147,10488,3210,0,0,17096,0,0,0
8/10/15,0.00,0,2029,0,21144,0,23173,8887,476,0,0,3729,4078,0,0
8/11/15,0.00,0,2803,0,30794,0,33597,16445,1034,0,324,21895,0,0,0
8/12/15,0.00,0,2923,0,17170,0,20093,14044,1627,285,0,0,1688,0,0
8/13/15,0.00,0,2822,0,39698,0,42520,7646,3170,0,0,11517,5423,0,0
8/14/15,0.00,0,3294,0,17644,0,20938,9366,3940,760,0,11356,0,0,0
8/15/15,0.00,0,5123,0,27756,0,32879,8706,100,0,0,5627,1265,0,0
8/16/15,0.00,0,3312,0,25422,0,28734,10466,4526,0,0,5072,0,0,0
8/17/15,0.00,0,3134,0,15698,0,18832,7707,4080,0,0,0,0,0,0
8/18/15,0.00,0,4832,0,20064,0,24896,6970,745,0,0,7438,482,0,0
8/19/15,0.00,0,3294,0,11787,0,15081,5784,1728,0,0,9423,0,0,0
8/20/15,0.00,0,3417,0,15635,0,19052,3702,2288,0,0,0,319,0,0
8/21/15,0.00,0,2471,0,16935,0,19406,0,2230,0,0,3597,0,0,0
8/22/15,0.00,0,7809,0,6309,0,14118,0,0,0,0,5375,272,0,0
8/23/15,0.00,0,11880,0,5827,0,17707,0,0,0,0,5457,0,0,0
8/24/15,0.00,0,11838,0,5647,0,17485,0,0,0,0,0,0,0,0
8/25/15,0.00,0,12803,0,5457,0,18260,0,0,0,0,0,0,0,0
8/26/15,0.00,0,9436,0,0,0,9436,0,0,0,0,0,0,0,0
8/27/15,0.00,0,11923,0,0,0,11923,0,0,0,0,0,0,0,0
8/28/15,0.00,0,15786,0,0,0,15786,0,0,0,0,0,0,0,0
8/29/15,0.00,0,14807,0,0,0,14807,0,0,0,0,0,0,0,0
8/30/15,0.00,0,9907,0,0,0,9907,0,0,0,0,0,0,0,0
8/31/15,0.00,0,13197,0,0,0,13197,0,0,0,0,0,0,0,0
9/1/15,0.00,0,9949,0,0,0,9949,0,0,0,0,0,0,0,0
9/2/15,0.00,0,15006,0,0,0,15006,0,0,0,0,0,0,0,0
9/3/15,0.00,0,14943,0,0,0,14943,0,0,0,0,0,0,0,0
9/4/15,0.00,0,11646,0,0,0,11646,0,0,0,0,0,0,0,0
9/5/15,0.00,0,12875,0,0,0,12875,0,0,0,0,0,0,0,0
9/6/15,0.00,0,7656,0,0,0,7656,0,0,0,0,0,0,0,0
9/7/15,0.00,0,9504,0,0,0,9504,0,0,0,0,0,0,0,0
9/8/15,0.00,0,9122,0,0,0,9122,0,0,0,0,0,0,0,0
9/9/15,0.00,0,9498,0,0,0,9498,0,0,0,0,0,0,0,0
9/10/15,0.00,0,8382,0,0,0,8382,0,0,0,0,0,0,0,0
9/11/15,0.00,0,5628,0,0,0,5628,0,0,0,0,0,0,0,0
9/12/15,0.00,0,5404,0,0,0,5404,0,0,0,0,0,0,0,0
9/13/15,0.00,0,4698,0,0,0,4698,0,0,0,0,0,0,0,0
9/14/15,0.00,0,4379,0,0,0,4379,0,0,0,0,0,0,0,0
9/15/15,0.00,0,3295,0,0,0,3295,0,0,0,0,0,0,0,0
9/16/15,0.00,0,7231,0,0,0,7231,0,0,0,0,0,0,0,0
9/17/15,0.00,0,10374,0,0,0,10374,0,0,0,0,0,0,0,0
9/18/15,0.00,0,10119,0,0,0,10119,0,0,0,0,0,0,0,0
9/19/15,0.00,0,7004,0,0,0,7004,0,0,0,0,0,0,0,0
9/20/15,0.00,0,5912,0,0,0,5912,0,0,0,0,0,0,0,0
9/21/15,0.00,0,4543,0,0,0,4543,0,0,0,0,0,0,0,0
9/22/15,0.00,0,2370,0,0,0,2370,0,0,0,0,0,0,0,0
9/23/15,0.00,0,1862,0,0,0,1862,0,0,0,0,0,0,0,0
5/23/16,1.00,338,0,0,0,338,0,0,0,0,0,0,0,0,0
5/24/16,1.00,618,0,0,0,618,0,0,0,0,0,0,0,0,0
5/25/16,1.00,636,0,0,0,636,0,0,0,0,0,0,0,0,0
5/26/16,1.00,756,0,0,0,756,0,0,0,0,0,0,0,0,0
5/27/16,1.00,624,0,0,0,624,0,0,0,0,0,0,0,0,0
5/28/16,1.00,1308,0,0,0,1308,0,0,0,0,0,0,0,0,0
5/29/16,1.00,2472,0,0,0,2472,0,0,0,0,0,0,0,0,0
5/30/16,1.00,1800,0,0,0,1800,0,0,0,0,0,0,0,0,0
5/31/16,1.00,1270,0,0,0,1270,0,0,0,0,0,0,0,0,0
6/1/16,1.00,2177,1,0,0,2177,1,0,0,0,0,0,0,0,0
6/2/16,1.00,9255,3,0,0,9255,3,0,0,0,0,0,0,0,0
6/3/16,1.00,8759,3,0,0,8759,3,0,0,0,0,0,0,0,0
6/4/16,1.00,4392,2,0,0,4392,2,0,0,0,0,0,0,0,0
6/5/16,1.00,7642,4,1010,1,8652,5,1011,0,0,0,0,0,0,0
6/6/16,1.00,2233,2,7035,5,9269,6,6082,958,0,0,0,0,0,0
6/7/16,1.00,1802,2,8060,7,9863,8,6004,2063,0,0,0,0,0,0
6/8/16,1.00,6333,7,7516,8,13850,14,6989,142,0,393,0,0,0,0
6/9/16,1.00,18901,24,3416,4,22316,29,0,3388,0,32,0,0,0,0
6/10/16,1.00,14221,23,157,0,14378,23,0,0,157,0,0,0,0,0
6/11/16,1.00,4599,9,23315,46,27914,55,23361,0,0,0,0,0,0,0
6/12/16,1.00,2272,6,22915,56,25188,61,17401,5570,0,0,0,0,0,0
6/13/16,1.00,2864,9,28007,84,30872,93,12527,9146,836,0,0,0,0,5582.4
6/14/16,1.00,3116,12,53219,197,56335,208,15042,6610,0,0,0,0,20465.1,11298.4
6/15/16,1.00,24130,110,33145,151,57275,262,12184,5467,0,1478,0,0,7183.8,6984
6/16/16,0.99,7434,42,34680,196,42114,238,28987,3653,0,2236,0,0,0,0
6/17/16,0.99,5634,39,38282,267,43916,306,22527,10750,0,5272,0,0,0,0
6/18/16,0.99,1993,17,31520,271,33513,288,21570,5226,4995,0,0,0,0,0
6/19/16,0.99,5057,54,30400,323,35458,376,20432,3359,5041,1531,0,360,0,0
6/20/16,0.99,4744,62,56063,735,60807,797,25944,12438,14327,4089,0,0,0,0
6/21/16,0.98,22122,358,40545,656,62667,1014,14627,9413,7566,9595,0,0,0,0
6/22/16,0.98,29348,587,3869,77,33217,664,0,1933,2013,0,0,0,0,0
6/23/16,0.98,28305,698,9763,241,38068,939,5218,0,0,4786,0,0,0,0
6/24/16,0.97,26402,804,26440,806,52841,1610,0,0,0,1824,0,0,25421.4,0
6/25/16,0.96,8612,324,45305,1704,53917,2028,38426,0,0,0,0,0,8583.3,0
6/26/16,0.96,5762,268,55319,2569,61081,2837,30788,7417,0,0,0,0,19683,0
6/27/16,0.95,6570,377,38652,2217,45222,2593,25069,4924,1612,0,0,0,9263.7,0
6/28/16,0.93,16564,1173,23865,1690,40430,2863,0,3506,0,4475,0,0,17574.3,0
6/29/16,0.92,5655,494,34742,3037,40397,3532,23535,0,4842,509,0,0,8893.8,0
6/30/16,0.90,4724,510,45240,4884,49964,5393,17567,7406,0,314,0,0,15027.3,9808.8
7/1/16,0.88,8494,1132,44279,5902,52773,7034,18787,4095,0,0,0,0,6790.5,20508
7/2/16,0.86,13214,2175,22690,3734,35904,5909,0,7535,0,0,0,7499,0,11389.6
7/3/16,0.83,4192,852,18451,3749,22643,4601,11887,0,0,0,0,10313,0,0
7/4/16,0.80,3482,874,27269,6841,30751,7715,24120,8452,0,1538,0,0,0,0
7/5/16,0.76,2527,783,22073,6837,24600,7620,21144,3504,4262,0,0,0,0,0
7/6/16,0.72,8465,3238,15553,5948,24018,9186,16094,5407,0,0,0,0,0,0
7/7/16,0.68,16084,7596,6274,2963,22359,10558,0,6503,2177,557,0,0,0,0
7/8/16,0.63,16316,9514,239,140,16556,9653,0,0,379,0,0,0,0,0
7/9/16,0.58,10250,7379,1087,782,11337,8161,1869,0,0,0,0,0,0,0
7/10/16,0.53,3278,2914,14418,12816,17696,15730,27234,0,0,0,0,0,0,0
7/11/16,0.48,2766,3036,11343,12450,14110,15485,15303,8490,0,0,0,0,0,0
7/12/16,0.42,2110,2860,12936,17530,15047,20389,12969,1593,585,0,0,15319,0,0
7/13/16,0.37,662,1108,15082,25233,15744,26341,14174,6251,523,0,8460,10907,0,0
7/14/16,0.33,4532,9363,9803,20251,14335,29614,5238,5501,442,0,4801,14072,0,0
7/15/16,0.28,5932,15129,8824,22506,14755,37636,0,2432,0,0,3625,25273,0,0
7/16/16,0.24,4359,13729,2553,8040,6912,21769,0,0,1934,0,8086,573,0,0
7/17/16,0.20,1018,3960,1518,5902,2536,9862,7420,0,0,0,0,0,0,0
7/18/16,0.17,653,3133,4504,21623,5156,24757,15224,2239,0,0,0,0,8664.3,0
7/19/16,0.14,1578,9357,5444,32271,7022,41628,11587,7150,1876,0,0,13112,3989.7,0
7/20/16,0.12,2160,15808,6426,47037,8586,62845,0,4604,0,0,12428,36431,0,0
7/21/16,0.10,2368,21401,2466,22288,4834,43689,0,0,763,0,2608,20557,826.2,0
7/22/16,0.08,978,10909,194,2168,1172,13077,0,0,0,0,2362,0,0,0
7/23/16,0.07,371,5112,1222,16835,1593,21947,16747,0,0,0,0,0,1310.4,0
7/24/16,0.06,211,3596,1705,28998,1916,32594,13939,7598,0,0,0,0,9165.6,0
7/25/16,0.05,165,3473,1238,25999,1403,29472,13222,1189,2497,0,0,10329,0,0
7/26/16,0.04,40,1038,1817,47116,1857,48154,9926,3353,0,0,10519,321,24813.9,0
7/27/16,0.03,110,3511,2414,77309,2524,80820,5431,3322,857,0,5991,3499,60623.1,0
7/28/16,0.02,142,5632,2555,101025,2698,106656,0,4866,2629,0,9638,9367,50190.3,26889.6
7/29/16,0.02,129,6302,698,34065,827,40367,0,0,3416,0,4319,24698,0,2329.6
7/30/16,0.02,114,6843,129,7757,242,14601,0,0,0,0,7886,0,0,0
7/31/16,0.01,146,10832,0,0,146,10832,0,0,0,0,0,0,0,0
8/1/16,0.00,0,16921,0,988,0,17909,988,0,0,0,0,0,0,0
8/2/16,0.00,0,15117,0,0,0,15117,0,0,0,0,0,0,0,0
8/3/16,0.00,0,7930,0,0,0,7930,0,0,0,0,0,0,0,0
8/4/16,0.00,0,4301,0,9291,0,13592,9291,0,0,0,0,0,0,0
8/5/16,0.00,0,2424,0,20334,0,22758,8356,11978,0,0,0,0,0,0
8/6/16,0.00,0,2479,0,11554,0,14033,4953,4213,2037,0,0,351,0,0
8/7/16,0.00,0,2184,0,11384,0,13568,3963,6554,668,0,0,199,0,0
8/8/16,0.00,0,1914,0,6243,0,8157,3852,2125,266,0,0,0,0,0
8/9/16,0.00,0,1419,0,11481,0,12900,3448,7243,372,0,0,418,0,0
8/10/16,0.00,0,1657,0,9942,0,11599,4755,4887,171,0,0,129,0,0
8/11/16,0.00,0,1969,0,8053,0,10022,3544,4161,325,0,0,23,0,0
8/12/16,0.00,0,1913,0,8813,0,10726,3974,4394,333,0,0,112,0,0
8/13/16,0.00,0,1917,0,9257,0,11174,3193,3777,2230,0,0,57,0,0
8/14/16,0.00,0,2978,0,3767,0,6745,0,2423,1275,0,0,69,0,0
8/15/16,0.00,0,3026,0,3419,0,6445,1854,0,1495,0,0,70,0,0
8/16/16,0.00,0,1302,0,6700,0,8002,3790,2910,0,0,0,0,0,0
8/17/16,0.00,0,3250,0,3314,0,6564,3035,279,0,0,0,0,0,0
8/18/16,0.00,0,2955,0,1901,0,4856,1653,248,0,0,0,0,0,0
8/19/16,0.00,0,1540,0,3527,0,5067,2712,0,815,0,0,0,0,0
8/20/16,0.00,0,1661,0,1939,0,3600,1144,259,536,0,0,0,0,0
8/21/16,0.00,0,2032,0,4314,0,6346,4118,196,0,0,0,0,0,0
8/22/16,0.00,0,2091,0,6491,0,8582,5738,40,713,0,0,0,0,0
8/23/16,0.00,0,1814,0,4819,0,6633,4603,0,216,0,0,0,0,0
8/24/16,0.00,0,2376,0,3659,0,6035,3659,0,0,0,0,0,0,0
8/25/16,0.00,0,2137,0,4560,0,6697,4378,182,0,0,0,0,0,0
8/26/16,0.00,0,2956,0,2911,0,5867,2911,0,0,0,0,0,0,0
8/27/16,0.00,0,3491,0,4066,0,7557,4023,43,0,0,0,0,0,0
8/28/16,0.00,0,1869,0,2517,0,4386,2517,0,0,0,0,0,0,0
8/29/16,0.00,0,1825,0,2013,0,3838,2013,0,0,0,0,0,0,0
8/30/16,0.00,0,1180,0,2105,0,3285,2105,0,0,0,0,0,0,0
8/31/16,0.00,0,3258,0,2225,0,5483,2157,68,0,0,0,0,0,0
9/1/16,0.00,0,2607,0,1599,0,4206,1599,0,0,0,0,0,0,0
9/2/16,0.00,0,2946,0,135,0,3081,0,135,0,0,0,0,0,0
9/3/16,0.00,0,3643,0,0,0,3643,0,0,0,0,0,0,0,0
9/4/16,0.00,0,1785,0,0,0,1785,0,0,0,0,0,0,0,0
9/5/16,0.00,0,3099,0,0,0,3099,0,0,0,0,0,0,0,0
9/6/16,0.00,0,3600,0,0,0,3600,0,0,0,0,0,0,0,0
9/7/16,0.00,0,2989,0,0,0,2989,0,0,0,0,0,0,0,0
9/8/16,0.00,0,2507,0,0,0,2507,0,0,0,0,0,0,0,0
9/9/16,0.00,0,780,0,0,0,780,0,0,0,0,0,0,0,0
9/10/16,0.00,0,2872,0,0,0,2872,0,0,0,0,0,0,0,0
9/11/16,0.00,0,3001,0,0,0,3001,0,0,0,0,0,0,0,0
9/12/16,0.00,0,1800,0,0,0,1800,0,0,0,0,0,0,0,0
9/13/16,0.00,0,2361,0,0,0,2361,0,0,0,0,0,0,0,0
9/14/16,0.00,0,1252,0,0,0,1252,0,0,0,0,0,0,0,0
9/15/16,0.00,0,1602,0,0,0,1602,0,0,0,0,0,0,0,0
9/16/16,0.00,0,1860,0,0,0,1860,0,0,0,0,0,0,0,0
9/17/16,0.00,0,2419,0,0,0,2419,0,0,0,0,0,0,0,0
9/18/16,0.00,0,1590,0,0,0,1590,0,0,0,0,0,0,0,0
9/19/16,0.00,0,2194,0,0,0,2194,0,0,0,0,0,0,0,0
9/20/16,0.00,0,1599,0,0,0,1599,0,0,0,0,0,0,0,0
9/21/16,0.00,0,672,0,0,0,672,0,0,0,0,0,0,0,0
9/22/16,0.00,0,796,0,0,0,796,0,0,0,0,0,0,0,0
9/23/16,0.00,0,947,0,0,0,947,0,0,0,0,0,0,0,0
9/24/16,0.00,0,793,0,0,0,793,0,0,0,0,0,0,0,0
9/25/16,0.00,0,664,0,0,0,664,0,0,0,0,0,0,0,0
9/26/16,0.00,0,555,0,0,0,555,0,0,0,0,0,0,0,0
9/27/16,0.00,0,465,0,0,0,465,0,0,0,0,0,0,0,0
9/28/16,0.00,0,389,0,0,0,389,0,0,0,0,0,0,0,0
9/29/16,0.00,0,326,0,0,0,326,0,0,0,0,0,0,0,0
9/30/16,0.00,0,273,0,0,0,273,0,0,0,0,0,0,0,0
6/2/17,1.00,4467,9,0,0,4467,9,0,0,0,0,0,0,0,0
6/3/17,1.00,4098,10,0,0,4098,10,0,0,0,0,0,0,0,0
6/4/17,1.00,2388,7,0,0,2388,7,0,0,0,0,0,0,0,0
6/5/17,1.00,10855,36,0,0,10855,36,0,0,0,0,0,0,0,0
6/6/17,1.00,10531,40,0,0,10531,40,0,0,0,0,0,0,0,0
6/7/17,1.00,14426,64,0,0,14426,64,0,0,0,0,0,0,0,0
6/8/17,0.99,15493,80,0,0,15493,80,0,0,0,0,0,0,0,0
6/9/17,0.99,11833,71,0,0,11833,71,0,0,0,0,0,0,0,0
6/10/17,0.99,8281,57,0,0,8281,57,0,0,0,0,0,0,0,0
6/11/17,0.99,9923,80,31382,253,41306,332,31635,0,0,0,0,0,0,0
6/12/17,0.99,9044,85,23761,222,32805,307,18384,5599,0,0,0,0,0,0
6/13/17,0.99,5051,55,29430,320,34481,375,20225,4019,5506,0,0,0,0,0
6/14/17,0.99,2292,29,37779,477,40071,506,20811,3913,0,13532,0,0,0,0
6/15/17,0.99,6002,88,43013,631,49015,719,17239,3898,12668,9839,0,0,0,0
6/16/17,0.98,5323,91,42332,721,47655,812,15003,8900,0,19150,0,0,0,0
6/17/17,0.98,12699,251,23840,472,36539,723,0,7234,8304,8774,0,0,0,0
6/18/17,0.98,16655,383,10799,248,27454,631,0,0,2956,8091,0,0,0,0
6/19/17,0.97,23714,634,13146,351,36861,985,0,0,0,10202,0,0,0,3295.2
6/20/17,0.97,12791,397,69752,2165,82543,2562,10465,0,0,0,0,0,58765.5,2686.4
6/21/17,0.97,3633,131,42709,1540,46342,1671,22617,5065,0,0,0,0,14397.3,2169.6
6/22/17,0.96,4316,181,25596,1072,29912,1253,18739,2496,5433,0,0,0,0,0
6/23/17,0.95,5025,245,35704,1738,40729,1982,9101,6392,3164,12754,0,0,0,6030.4
6/24/17,0.95,12571,711,25485,1441,38056,2152,0,5003,4873,8586,0,949,0,7515.2
6/25/17,0.94,8457,556,20201,1327,28658,1883,0,0,4740,8124,0,568,0,8096
6/26/17,0.93,22092,1686,21272,1624,43363,3310,0,0,0,10076,0,0,0,12819.2
6/27/17,0.92,17783,1577,1027,91,18810,1668,0,0,0,0,0,0,0,1117.6
6/28/17,0.91,13014,1341,0,0,13014,1341,0,0,0,0,0,0,0,0
6/29/17,0.89,21461,2569,32096,3842,53557,6411,0,0,0,0,0,0,35937.9,0
6/30/17,0.88,22642,3149,7901,1099,30543,4248,0,0,0,0,0,0,9000,0
7/1/17,0.86,20775,3357,0,0,20775,3357,0,0,0,0,0,0,0,0
7/2/17,0.84,19851,3726,23127,4342,42978,8068,27469,0,0,0,0,0,0,0
7/3/17,0.82,3694,806,19433,4238,23127,5044,11368,12303,0,0,0,0,0,0
7/4/17,0.80,2628,666,13223,3351,15851,4017,11369,4885,320,0,0,0,0,0
7/5/17,0.77,2369,697,17477,5145,19846,5842,10955,4522,0,903,0,6242,0,0
7/6/17,0.75,2010,687,14413,4930,16423,5617,9355,4443,0,977,0,4568,0,0
7/7/17,0.72,481,191,12561,4992,13042,5183,6258,4537,5673,922,0,163,0,0
7/8/17,0.68,740,342,12123,5597,12863,5939,9784,6803,0,1133,0,0,0,0
7/9/17,0.65,2794,1498,7542,4046,10336,5544,0,9064,1434,1090,0,0,0,0
7/10/17,0.62,12786,7968,1640,1022,14426,8990,0,0,1355,1307,0,0,0,0
7/11/17,0.58,6590,4772,2680,1941,9271,6712,0,0,0,4621,0,0,0,0
7/12/17,0.54,8492,7144,1,0,8493,7144,0,1,0,0,0,0,0,0
7/13/17,0.51,7870,7691,0,0,7870,7691,0,0,0,0,0,0,0,0
7/14/17,0.47,7448,8457,906,1029,8354,9486,1935,0,0,0,0,0,0,0
7/15/17,0.43,6238,8230,221,292,6460,8521,513,0,0,0,0,0,0,0
7/16/17,0.39,7371,11297,0,0,7371,11297,0,0,0,0,0,0,0,0
7/17/17,0.36,1994,3550,4834,8608,6828,12158,13442,0,0,0,0,0,0,0
7/18/17,0.33,1214,2512,4778,9884,5992,12396,13881,781,0,0,0,0,0,0
7/19/17,0.29,2130,5119,8016,19266,10145,24386,5046,1856,5817,0,0,14563,0,0
7/20/17,0.26,2197,6137,8338,23283,10535,29420,0,938,0,125,9318,21240,0,0
7/21/17,0.24,2910,9440,4601,14927,7511,24367,0,0,0,217,15315,3996,0,0
7/22/17,0.21,2712,10221,724,2729,3436,12950,0,0,0,0,3453,0,0,0
7/23/17,0.19,2248,9844,6,24,2253,9869,0,30,0,0,0,0,0,0
7/24/17,0.16,1633,8309,527,2680,2160,10989,0,278,0,0,0,2929,0,0
7/25/17,0.14,1180,6974,951,5622,2131,12596,0,0,0,6,1565,5002,0,0
7/26/17,0.13,1607,11036,100,686,1707,11722,0,0,0,0,786,0,0,0
7/27/17,0.11,1326,10577,0,0,1326,10577,0,0,0,0,0,0,0,0
7/28/17,0.10,874,8104,0,0,874,8104,0,0,0,0,0,0,0,0
7/29/17,0.08,818,8810,0,0,818,8810,0,0,0,0,0,0,0,0
7/30/17,0.07,835,10452,0,0,835,10452,0,0,0,0,0,0,0,0
7/31/17,0.06,582,8466,50,720,632,9186,0,770,0,0,0,0,0,0
8/1/17,0.00,0,7551,0,385,0,7936,0,15,0,0,0,370,0,0
8/2/17,0.00,0,8968,0,975,0,9943,0,0,0,522,316,137,0,0
8/3/17,0.00,0,4380,0,6666,0,11046,5266,0,0,316,1084,0,0,0
8/4/17,0.00,0,2547,0,4155,0,6702,4062,93,0,0,0,0,0,0
8/5/17,0.00,0,3510,0,13669,0,17179,2154,1188,1381,0,0,8946,0,0
8/6/17,0.00,0,5931,0,26713,0,32644,0,596,2383,0,8374,15360,0,0
8/7/17,0.00,0,8162,0,23890,0,32052,0,43,185,0,14388,9274,0,0
8/8/17,0.00,0,7482,0,7003,0,14485,2906,219,0,0,3878,0,0,0
8/9/17,0.00,0,5122,0,2562,0,7684,2562,0,0,0,0,0,0,0
8/10/17,0.00,0,1897,0,7745,0,9642,3893,0,385,0,0,3467,0,0
8/11/17,0.00,0,2430,0,9988,0,12418,2859,0,876,0,699,5554,0,0
8/12/17,0.00,0,2642,0,11589,0,14231,2827,24,204,0,3258,5276,0,0
8/13/17,0.00,0,5342,0,8329,0,13671,0,10,0,0,3167,5152,0,0
8/14/17,0.00,0,4404,0,7239,1,11642,0,0,0,1363,3460,2416,0,0
8/15/17,0.00,0,2520,0,3207,0,5727,2262,0,0,16,929,0,0,0
8/16/17,0.00,0,2418,0,2797,0,5215,2403,394,0,0,0,0,0,0
8/17/17,0.00,0,3027,0,7708,0,10735,2758,962,0,0,0,3988,0,0
8/18/17,0.00,0,2828,0,10247,0,13075,2625,965,0,61,2755,3841,0,0
8/19/17,0.00,0,2562,0,6073,0,8635,2518,1371,0,8,1638,538,0,0
8/20/17,0.00,0,2529,0,6101,0,8630,2478,1074,0,4,1563,982,0,0
8/21/17,0.00,0,2482,0,4592,0,7074,973,983,0,6,1303,1327,0,0
8/22/17,0.00,0,1560,0,6273,0,7833,113,673,0,0,905,4582,0,0
8/23/17,0.00,0,1998,0,5630,0,7628,425,0,0,4,2843,2358,0,0
8/24/17,0.00,0,2610,0,2876,0,5486,988,0,0,0,922,966,0,0
8/25/17,0.00,0,834,0,1920,0,2754,347,4,0,0,36,1533,0,0
8/26/17,0.00,0,2616,0,2656,0,5272,164,38,0,1,853,1600,0,0
8/27/17,0.00,0,2610,0,2908,0,5518,173,0,0,68,2033,634,0,0
8/28/17,0.00,0,1894,0,839,0,2733,221,0,0,0,451,167,0,0
8/29/17,0.00,0,2812,0,2345,0,5157,0,0,0,0,248,2097,0,0
8/30/17,0.00,0,2690,0,5166,0,7856,245,0,0,0,1197,3724,0,0
8/31/17,0.00,0,3257,0,3877,0,7134,179,0,0,0,2206,1492,0,0
9/1/17,0.00,0,2239,0,5042,0,7281,54,0,0,0,880,4108,0,0
9/2/17,0.00,0,2263,0,2484,0,4747,0,0,0,0,1767,717,0,0
9/3/17,0.00,0,1405,0,1172,0,2577,0,0,0,0,354,818,0,0
9/4/17,0.00,0,774,0,15,0,789,0,0,0,0,15,0,0,0
9/5/17,0.00,0,1021,0,0,0,1021,0,0,0,0,0,0,0,0
9/6/17,0.00,0,764,0,0,0,764,0,0,0,0,0,0,0,0
9/7/17,0.00,0,620,0,0,0,620,0,0,0,0,0,0,0,0
9/8/17,0.00,0,702,0,0,0,702,0,0,0,0,0,0,0,0
9/9/17,0.00,0,776,0,0,0,776,0,0,0,0,0,0,0,0
9/10/17,0.00,0,756,0,0,0,756,0,0,0,0,0,0,0,0
9/11/17,0.00,0,721,0,0,0,721,0,0,0,0,0,0,0,0
9/12/17,0.00,0,723,0,0,0,723,0,0,0,0,0,0,0,0
9/13/17,0.00,0,738,0,0,0,738,0,0,0,0,0,0,0,0
9/14/17,0.00,0,740,0,0,0,740,0,0,0,0,0,0,0,0
9/15/17,0.00,0,734,0,0,0,734,0,0,0,0,0,0,0,0
9/16/17,0.00,0,732,0,0,0,732,0,0,0,0,0,0,0,0
9/17/17,0.00,0,734,0,0,0,734,0,0,0,0,0,0,0,0
9/18/17,0.00,0,736,0,0,0,736,0,0,0,0,0,0,0,0
9/19/17,0.00,0,735,0,0,0,735,0,0,0,0,0,0,0,0
9/20/17,0.00,0,734,0,0,0,734,0,0,0,0,0,0,0,0
9/21/17,0.00,0,734,0,0,0,734,0,0,0,0,0,0,0,0
9/22/17,0.00,0,735,0,0,0,735,0,0,0,0,0,0,0,0
9/23/17,0.00,0,735,0,0,0,735,0,0,0,0,0,0,0,0
9/24/17,0.00,0,735,0,0,0,735,0,0,0,0,0,0,0,0
9/25/17,0.00,0,735,0,0,0,735,0,0,0,0,0,0,0,0
9/26/17,0.00,0,735,0,0,0,735,0,0,0,0,0,0,0,0
9/27/17,0.00,0,735,0,0,0,735,0,0,0,0,0,0,0,0
9/28/17,0.00,0,735,0,0,0,735,0,0,0,0,0,0,0,0
9/29/17,0.00,0,735,0,0,0,735,0,0,0,0,0,0,0,0
9/30/17,0.00,0,735,0,0,0,735,0,0,0,0,0,0,0,0
,,,,,,,,,,,,,,,
,,,,,,,,,,,,,,,
,,,,,,,,,,,,,,,
,,,,,,,,,,,,,,,
,,,,,,,,,,,,,,,
,,,,,,,,,,,,,,,
